is_magnetic,spacegroup,magmom,stability,formula,no_of_ele,count_0,weight_0,radius_cal_0,radius_vdw_0,electro_neg_0,mendeleev_0,boiling_pt_0,melting_pt_0,ion_1_0,ion_2_0,s_elec_0,p_elec_0,d_elec_0,f_elec_0,periodic_grp_0,valence_elec_0,electron_affin_0,heat_of_form_0,density_0,count_1,weight_1,radius_cal_1,radius_vdw_1,electro_neg_1,mendeleev_1,boiling_pt_1,melting_pt_1,ion_1_1,ion_2_1,s_elec_1,p_elec_1,d_elec_1,f_elec_1,periodic_grp_1,valence_elec_1,electron_affin_1,heat_of_form_1,density_1,count_2,weight_2,radius_cal_2,radius_vdw_2,electro_neg_2,mendeleev_2,boiling_pt_2,melting_pt_2,ion_1_2,ion_2_2,s_elec_2,p_elec_2,d_elec_2,f_elec_2,periodic_grp_2,valence_elec_2,electron_affin_2,heat_of_form_2,density_2,count_3,weight_3,radius_cal_3,radius_vdw_3,electro_neg_3,mendeleev_3,boiling_pt_3,melting_pt_3,ion_1_3,ion_2_3,s_elec_3,p_elec_3,d_elec_3,f_elec_3,periodic_grp_3,valence_elec_3,electron_affin_3,heat_of_form_3,density_3
0,187,0,0.274915647,H2N2O2Nb3,4,3,92.90638,1.98,2.18,1.6,53,5017,2750,6.75885,14.32,9,18,14,0,5,5,0.917407,733,8.57,2,14.0067,0.56,1.55,3.04,100,77.36,63.05,14.53413,29.60125,4,3,0,0,15,5,-0.07,472.44,0.001145,2,15.9994,0.48,1.52,3.44,101,90.2,54.8,13.618055,35.12112,4,4,0,0,16,6,1.4611053,249.229,0.001308,2,1.00794,0.53,1.1,2.2,103,20.28,14.01,13.5984346,0,1,0,0,0,1,1,0.754598,217.998,8.20E-05
1,187,6.86734743,0.290092153,C2F2Mn3,3,3,54.938045,1.61,2.05,1.55,60,2334,1519,7.434038,15.63999,8,12,5,0,7,7,-0.52,283.3,7.3,2,12.0107,0.67,1.7,2.55,95,4300,3800,11.260288,24.383154,4,2,0,0,14,4,1.262113612,716.87,2.2,2,18.9984032,0.42,1.47,3.98,102,85.03,53.53,17.42282,34.97081,4,5,0,0,17,7,3.401189824,79.335,0.001553,0,0,0,0,0,0,0,0,0,0,0,0,0,0,0,0,0,0,0
0,187,0,0.305691985,C2O2Sc3,3,3,44.955912,1.84,2.15,1.36,19,3103,1814,6.56149,12.79977,8,12,1,0,3,3,0.1882,377.8,2.99,2,12.0107,0.67,1.7,2.55,95,4300,3800,11.260288,24.383154,4,2,0,0,14,4,1.262113612,716.87,2.2,2,15.9994,0.48,1.52,3.44,101,90.2,54.8,13.618055,35.12112,4,4,0,0,16,6,1.4611053,249.229,0.001308,0,0,0,0,0,0,0,0,0,0,0,0,0,0,0,0,0,0,0
0,187,0,0.399941503,F2N2W3,3,3,183.84,1.93,2.18,2.36,55,5828,3695,7.86403,16.37,12,24,24,14,6,6,0.816268,851,19.3,2,14.0067,0.56,1.55,3.04,100,77.36,63.05,14.53413,29.60125,4,3,0,0,15,5,-0.07,472.44,0.001145,2,18.9984032,0.42,1.47,3.98,102,85.03,53.53,17.42282,34.97081,4,5,0,0,17,7,3.401189824,79.335,0.001553,0,0,0,0,0,0,0,0,0,0,0,0,0,0,0,0,0,0,0
0,164,0,0.202306825,H2O2C3Hf4,4,4,178.49,2.08,2.23,1.3,50,4876,2506,6.82507,14.61,12,24,22,14,4,4,0.17807,618.4,13.3,3,12.0107,0.67,1.7,2.55,95,4300,3800,11.260288,24.383154,4,2,0,0,14,4,1.262113612,716.87,2.2,2,15.9994,0.48,1.52,3.44,101,90.2,54.8,13.618055,35.12112,4,4,0,0,16,6,1.4611053,249.229,0.001308,2,1.00794,0.53,1.1,2.2,103,20.28,14.01,13.5984346,0,1,0,0,0,1,1,0.754598,217.998,8.20E-05
0,164,0,0.261396652,H2O2N3Nb4,4,4,92.90638,1.98,2.18,1.6,53,5017,2750,6.75885,14.32,9,18,14,0,5,5,0.917407,733,8.57,3,14.0067,0.56,1.55,3.04,100,77.36,63.05,14.53413,29.60125,4,3,0,0,15,5,-0.07,472.44,0.001145,2,15.9994,0.48,1.52,3.44,101,90.2,54.8,13.618055,35.12112,4,4,0,0,16,6,1.4611053,249.229,0.001308,2,1.00794,0.53,1.1,2.2,103,20.28,14.01,13.5984346,0,1,0,0,0,1,1,0.754598,217.998,8.20E-05
0,187,0,0.577765918,C2Nb3,2,3,92.90638,1.98,2.18,1.6,53,5017,2750,6.75885,14.32,9,18,14,0,5,5,0.917407,733,8.57,2,12.0107,0.67,1.7,2.55,95,4300,3800,11.260288,24.383154,4,2,0,0,14,4,1.262113612,716.87,2.2,0,0,0,0,0,0,0,0,0,0,0,0,0,0,0,0,0,0,0,0,0,0,0,0,0,0,0,0,0,0,0,0,0,0,0,0,0,0
0,187,0,0.486436956,N2Ti3,2,3,47.867,1.76,2.11,1.54,51,3560,1941,6.82812,13.5755,8,12,2,0,4,4,0.075545,473,4.506,2,14.0067,0.56,1.55,3.04,100,77.36,63.05,14.53413,29.60125,4,3,0,0,15,5,-0.07,472.44,0.001145,0,0,0,0,0,0,0,0,0,0,0,0,0,0,0,0,0,0,0,0,0,0,0,0,0,0,0,0,0,0,0,0,0,0,0,0,0,0
0,164,0,0,F2C3Ti4,3,4,47.867,1.76,2.11,1.54,51,3560,1941,6.82812,13.5755,8,12,2,0,4,4,0.075545,473,4.506,3,12.0107,0.67,1.7,2.55,95,4300,3800,11.260288,24.383154,4,2,0,0,14,4,1.262113612,716.87,2.2,2,18.9984032,0.42,1.47,3.98,102,85.03,53.53,17.42282,34.97081,4,5,0,0,17,7,3.401189824,79.335,0.001553,0,0,0,0,0,0,0,0,0,0,0,0,0,0,0,0,0,0,0
0,164,0,0.048456205,F2N3Zr4,3,4,91.224,2.06,2.23,1.33,49,4682,2128,6.634126,13.13,10,18,12,0,4,4,0.433289,610,6.52,3,14.0067,0.56,1.55,3.04,100,77.36,63.05,14.53413,29.60125,4,3,0,0,15,5,-0.07,472.44,0.001145,2,18.9984032,0.42,1.47,3.98,102,85.03,53.53,17.42282,34.97081,4,5,0,0,17,7,3.401189824,79.335,0.001553,0,0,0,0,0,0,0,0,0,0,0,0,0,0,0,0,0,0,0
1,164,11.16809632,0.067800324,O2N3Mn4,3,4,54.938045,1.61,2.05,1.55,60,2334,1519,7.434038,15.63999,8,12,5,0,7,7,-0.52,283.3,7.3,3,14.0067,0.56,1.55,3.04,100,77.36,63.05,14.53413,29.60125,4,3,0,0,15,5,-0.07,472.44,0.001145,2,15.9994,0.48,1.52,3.44,101,90.2,54.8,13.618055,35.12112,4,4,0,0,16,6,1.4611053,249.229,0.001308,0,0,0,0,0,0,0,0,0,0,0,0,0,0,0,0,0,0,0
0,164,0,0.186982895,C3Sc4,2,4,44.955912,1.84,2.15,1.36,19,3103,1814,6.56149,12.79977,8,12,1,0,3,3,0.1882,377.8,2.99,3,12.0107,0.67,1.7,2.55,95,4300,3800,11.260288,24.383154,4,2,0,0,14,4,1.262113612,716.87,2.2,0,0,0,0,0,0,0,0,0,0,0,0,0,0,0,0,0,0,0,0,0,0,0,0,0,0,0,0,0,0,0,0,0,0,0,0,0,0
0,164,0,0.470175025,N3V4,2,4,50.9415,1.71,2.07,1.63,54,3680,2183,6.746187,14.634,8,12,3,0,5,5,0.527662,515.5,6,3,14.0067,0.56,1.55,3.04,100,77.36,63.05,14.53413,29.60125,4,3,0,0,15,5,-0.07,472.44,0.001145,0,0,0,0,0,0,0,0,0,0,0,0,0,0,0,0,0,0,0,0,0,0,0,0,0,0,0,0,0,0,0,0,0,0,0,0,0,0
0,164,0,0.458548793,NY2,2,2,88.90585,2.12,2.32,1.22,25,3609,1799,6.21726,12.2236,10,18,11,0,3,3,0.30712,424.7,4.47,1,14.0067,0.56,1.55,3.04,100,77.36,63.05,14.53413,29.60125,4,3,0,0,15,5,-0.07,472.44,0.001145,0,0,0,0,0,0,0,0,0,0,0,0,0,0,0,0,0,0,0,0,0,0,0,0,0,0,0,0,0,0,0,0,0,0,0,0,0,0
0,164,0,0.307812663,CMo2O2,3,2,95.94,1.9,2.17,2.16,56,4912,2896,7.09243,16.16,9,18,15,0,6,6,0.74733,658.98,10.2,1,12.0107,0.67,1.7,2.55,95,4300,3800,11.260288,24.383154,4,2,0,0,14,4,1.262113612,716.87,2.2,2,15.9994,0.48,1.52,3.44,101,90.2,54.8,13.618055,35.12112,4,4,0,0,16,6,1.4611053,249.229,0.001308,0,0,0,0,0,0,0,0,0,0,0,0,0,0,0,0,0,0,0
1,164,6.333005934,0.144563059,NCr2F2,3,2,51.9961,1.66,2.06,1.66,57,2944,2180,6.76651,16.486305,7,12,5,0,6,6,0.6758412,397.48,7.15,1,14.0067,0.56,1.55,3.04,100,77.36,63.05,14.53413,29.60125,4,3,0,0,15,5,-0.07,472.44,0.001145,2,18.9984032,0.42,1.47,3.98,102,85.03,53.53,17.42282,34.97081,4,5,0,0,17,7,3.401189824,79.335,0.001553,0,0,0,0,0,0,0,0,0,0,0,0,0,0,0,0,0,0,0
0,164,0,0.316168479,CH2O2Zr2,4,2,91.224,2.06,2.23,1.33,49,4682,2128,6.634126,13.13,10,18,12,0,4,4,0.433289,610,6.52,1,12.0107,0.67,1.7,2.55,95,4300,3800,11.260288,24.383154,4,2,0,0,14,4,1.262113612,716.87,2.2,2,15.9994,0.48,1.52,3.44,101,90.2,54.8,13.618055,35.12112,4,4,0,0,16,6,1.4611053,249.229,0.001308,2,1.00794,0.53,1.1,2.2,103,20.28,14.01,13.5984346,0,1,0,0,0,1,1,0.754598,217.998,8.20E-05
1,164,7.230912137,0.165237161,NH2Mn2O2,4,2,54.938045,1.61,2.05,1.55,60,2334,1519,7.434038,15.63999,8,12,5,0,7,7,-0.52,283.3,7.3,1,14.0067,0.56,1.55,3.04,100,77.36,63.05,14.53413,29.60125,4,3,0,0,15,5,-0.07,472.44,0.001145,2,15.9994,0.48,1.52,3.44,101,90.2,54.8,13.618055,35.12112,4,4,0,0,16,6,1.4611053,249.229,0.001308,2,1.00794,0.53,1.1,2.2,103,20.28,14.01,13.5984346,0,1,0,0,0,1,1,0.754598,217.998,8.20E-05
0,187,0,0.190626664,C2H2O2V3,4,3,50.9415,1.71,2.07,1.63,54,3680,2183,6.746187,14.634,8,12,3,0,5,5,0.527662,515.5,6,2,12.0107,0.67,1.7,2.55,95,4300,3800,11.260288,24.383154,4,2,0,0,14,4,1.262113612,716.87,2.2,2,15.9994,0.48,1.52,3.44,101,90.2,54.8,13.618055,35.12112,4,4,0,0,16,6,1.4611053,249.229,0.001308,2,1.00794,0.53,1.1,2.2,103,20.28,14.01,13.5984346,0,1,0,0,0,1,1,0.754598,217.998,8.20E-05
0,187,0,0.210079435,H2N2O2Sc3,4,3,44.955912,1.84,2.15,1.36,19,3103,1814,6.56149,12.79977,8,12,1,0,3,3,0.1882,377.8,2.99,2,14.0067,0.56,1.55,3.04,100,77.36,63.05,14.53413,29.60125,4,3,0,0,15,5,-0.07,472.44,0.001145,2,15.9994,0.48,1.52,3.44,101,90.2,54.8,13.618055,35.12112,4,4,0,0,16,6,1.4611053,249.229,0.001308,2,1.00794,0.53,1.1,2.2,103,20.28,14.01,13.5984346,0,1,0,0,0,1,1,0.754598,217.998,8.20E-05
0,187,0,0.264770304,C2F2Mo3,3,3,95.94,1.9,2.17,2.16,56,4912,2896,7.09243,16.16,9,18,15,0,6,6,0.74733,658.98,10.2,2,12.0107,0.67,1.7,2.55,95,4300,3800,11.260288,24.383154,4,2,0,0,14,4,1.262113612,716.87,2.2,2,18.9984032,0.42,1.47,3.98,102,85.03,53.53,17.42282,34.97081,4,5,0,0,17,7,3.401189824,79.335,0.001553,0,0,0,0,0,0,0,0,0,0,0,0,0,0,0,0,0,0,0
0,187,0,0.1173341,C2O2Ta3,3,3,180.94788,2,2.22,1.5,52,5731,3290,7.549571,16.2,12,24,23,14,5,5,0.32312,782,16.4,2,12.0107,0.67,1.7,2.55,95,4300,3800,11.260288,24.383154,4,2,0,0,14,4,1.262113612,716.87,2.2,2,15.9994,0.48,1.52,3.44,101,90.2,54.8,13.618055,35.12112,4,4,0,0,16,6,1.4611053,249.229,0.001308,0,0,0,0,0,0,0,0,0,0,0,0,0,0,0,0,0,0,0
0,187,0,0.007780714,F2N2Y3,3,3,88.90585,2.12,2.32,1.22,25,3609,1799,6.21726,12.2236,10,18,11,0,3,3,0.30712,424.7,4.47,2,14.0067,0.56,1.55,3.04,100,77.36,63.05,14.53413,29.60125,4,3,0,0,15,5,-0.07,472.44,0.001145,2,18.9984032,0.42,1.47,3.98,102,85.03,53.53,17.42282,34.97081,4,5,0,0,17,7,3.401189824,79.335,0.001553,0,0,0,0,0,0,0,0,0,0,0,0,0,0,0,0,0,0,0
1,164,9.764211548,0.268824724,H2O2C3Mn4,4,4,54.938045,1.61,2.05,1.55,60,2334,1519,7.434038,15.63999,8,12,5,0,7,7,-0.52,283.3,7.3,3,12.0107,0.67,1.7,2.55,95,4300,3800,11.260288,24.383154,4,2,0,0,14,4,1.262113612,716.87,2.2,2,15.9994,0.48,1.52,3.44,101,90.2,54.8,13.618055,35.12112,4,4,0,0,16,6,1.4611053,249.229,0.001308,2,1.00794,0.53,1.1,2.2,103,20.28,14.01,13.5984346,0,1,0,0,0,1,1,0.754598,217.998,8.20E-05
0,164,0,0.135459219,H2O2N3Sc4,4,4,44.955912,1.84,2.15,1.36,19,3103,1814,6.56149,12.79977,8,12,1,0,3,3,0.1882,377.8,2.99,3,14.0067,0.56,1.55,3.04,100,77.36,63.05,14.53413,29.60125,4,3,0,0,15,5,-0.07,472.44,0.001145,2,15.9994,0.48,1.52,3.44,101,90.2,54.8,13.618055,35.12112,4,4,0,0,16,6,1.4611053,249.229,0.001308,2,1.00794,0.53,1.1,2.2,103,20.28,14.01,13.5984346,0,1,0,0,0,1,1,0.754598,217.998,8.20E-05
0,187,0,0.205291853,C2Sc3,2,3,44.955912,1.84,2.15,1.36,19,3103,1814,6.56149,12.79977,8,12,1,0,3,3,0.1882,377.8,2.99,2,12.0107,0.67,1.7,2.55,95,4300,3800,11.260288,24.383154,4,2,0,0,14,4,1.262113612,716.87,2.2,0,0,0,0,0,0,0,0,0,0,0,0,0,0,0,0,0,0,0,0,0,0,0,0,0,0,0,0,0,0,0,0,0,0,0,0,0,0
0,187,0,0.662069758,N2V3,2,3,50.9415,1.71,2.07,1.63,54,3680,2183,6.746187,14.634,8,12,3,0,5,5,0.527662,515.5,6,2,14.0067,0.56,1.55,3.04,100,77.36,63.05,14.53413,29.60125,4,3,0,0,15,5,-0.07,472.44,0.001145,0,0,0,0,0,0,0,0,0,0,0,0,0,0,0,0,0,0,0,0,0,0,0,0,0,0,0,0,0,0,0,0,0,0,0,0,0,0
0,164,0,0.11000568,F2C3V4,3,4,50.9415,1.71,2.07,1.63,54,3680,2183,6.746187,14.634,8,12,3,0,5,5,0.527662,515.5,6,3,12.0107,0.67,1.7,2.55,95,4300,3800,11.260288,24.383154,4,2,0,0,14,4,1.262113612,716.87,2.2,2,18.9984032,0.42,1.47,3.98,102,85.03,53.53,17.42282,34.97081,4,5,0,0,17,7,3.401189824,79.335,0.001553,0,0,0,0,0,0,0,0,0,0,0,0,0,0,0,0,0,0,0
1,164,6.701856916,0.351097066,O2C3Cr4,3,4,51.9961,1.66,2.06,1.66,57,2944,2180,6.76651,16.486305,7,12,5,0,6,6,0.6758412,397.48,7.15,3,12.0107,0.67,1.7,2.55,95,4300,3800,11.260288,24.383154,4,2,0,0,14,4,1.262113612,716.87,2.2,2,15.9994,0.48,1.52,3.44,101,90.2,54.8,13.618055,35.12112,4,4,0,0,16,6,1.4611053,249.229,0.001308,0,0,0,0,0,0,0,0,0,0,0,0,0,0,0,0,0,0,0
0,164,0,0.294868262,O2N3Mo4,3,4,95.94,1.9,2.17,2.16,56,4912,2896,7.09243,16.16,9,18,15,0,6,6,0.74733,658.98,10.2,3,14.0067,0.56,1.55,3.04,100,77.36,63.05,14.53413,29.60125,4,3,0,0,15,5,-0.07,472.44,0.001145,2,15.9994,0.48,1.52,3.44,101,90.2,54.8,13.618055,35.12112,4,4,0,0,16,6,1.4611053,249.229,0.001308,0,0,0,0,0,0,0,0,0,0,0,0,0,0,0,0,0,0,0
0,164,0,0.357391345,C3Ta4,2,4,180.94788,2,2.22,1.5,52,5731,3290,7.549571,16.2,12,24,23,14,5,5,0.32312,782,16.4,3,12.0107,0.67,1.7,2.55,95,4300,3800,11.260288,24.383154,4,2,0,0,14,4,1.262113612,716.87,2.2,0,0,0,0,0,0,0,0,0,0,0,0,0,0,0,0,0,0,0,0,0,0,0,0,0,0,0,0,0,0,0,0,0,0,0,0,0,0
0,164,0,0.772571147,N3W4,2,4,183.84,1.93,2.18,2.36,55,5828,3695,7.86403,16.37,12,24,24,14,6,6,0.816268,851,19.3,3,14.0067,0.56,1.55,3.04,100,77.36,63.05,14.53413,29.60125,4,3,0,0,15,5,-0.07,472.44,0.001145,0,0,0,0,0,0,0,0,0,0,0,0,0,0,0,0,0,0,0,0,0,0,0,0,0,0,0,0,0,0,0,0,0,0,0,0,0,0
1,164,1.034199718,0.876023649,CCr2,2,2,51.9961,1.66,2.06,1.66,57,2944,2180,6.76651,16.486305,7,12,5,0,6,6,0.6758412,397.48,7.15,1,12.0107,0.67,1.7,2.55,95,4300,3800,11.260288,24.383154,4,2,0,0,14,4,1.262113612,716.87,2.2,0,0,0,0,0,0,0,0,0,0,0,0,0,0,0,0,0,0,0,0,0,0,0,0,0,0,0,0,0,0,0,0,0,0,0,0,0,0
0,164,0,0.687616788,NZr2,2,2,91.224,2.06,2.23,1.33,49,4682,2128,6.634126,13.13,10,18,12,0,4,4,0.433289,610,6.52,1,14.0067,0.56,1.55,3.04,100,77.36,63.05,14.53413,29.60125,4,3,0,0,15,5,-0.07,472.44,0.001145,0,0,0,0,0,0,0,0,0,0,0,0,0,0,0,0,0,0,0,0,0,0,0,0,0,0,0,0,0,0,0,0,0,0,0,0,0,0
1,164,3.998267459,0.441495809,CCr2O2,3,2,51.9961,1.66,2.06,1.66,57,2944,2180,6.76651,16.486305,7,12,5,0,6,6,0.6758412,397.48,7.15,1,12.0107,0.67,1.7,2.55,95,4300,3800,11.260288,24.383154,4,2,0,0,14,4,1.262113612,716.87,2.2,2,15.9994,0.48,1.52,3.44,101,90.2,54.8,13.618055,35.12112,4,4,0,0,16,6,1.4611053,249.229,0.001308,0,0,0,0,0,0,0,0,0,0,0,0,0,0,0,0,0,0,0
0,164,0,0.218314789,NF2Hf2,3,2,178.49,2.08,2.23,1.3,50,4876,2506,6.82507,14.61,12,24,22,14,4,4,0.17807,618.4,13.3,1,14.0067,0.56,1.55,3.04,100,77.36,63.05,14.53413,29.60125,4,3,0,0,15,5,-0.07,472.44,0.001145,2,18.9984032,0.42,1.47,3.98,102,85.03,53.53,17.42282,34.97081,4,5,0,0,17,7,3.401189824,79.335,0.001553,0,0,0,0,0,0,0,0,0,0,0,0,0,0,0,0,0,0,0
0,164,0,0.153539308,NNb2O2,3,2,92.90638,1.98,2.18,1.6,53,5017,2750,6.75885,14.32,9,18,14,0,5,5,0.917407,733,8.57,1,14.0067,0.56,1.55,3.04,100,77.36,63.05,14.53413,29.60125,4,3,0,0,15,5,-0.07,472.44,0.001145,2,15.9994,0.48,1.52,3.44,101,90.2,54.8,13.618055,35.12112,4,4,0,0,16,6,1.4611053,249.229,0.001308,0,0,0,0,0,0,0,0,0,0,0,0,0,0,0,0,0,0,0
0,164,0,0.350469652,NH2Mo2O2,4,2,95.94,1.9,2.17,2.16,56,4912,2896,7.09243,16.16,9,18,15,0,6,6,0.74733,658.98,10.2,1,14.0067,0.56,1.55,3.04,100,77.36,63.05,14.53413,29.60125,4,3,0,0,15,5,-0.07,472.44,0.001145,2,15.9994,0.48,1.52,3.44,101,90.2,54.8,13.618055,35.12112,4,4,0,0,16,6,1.4611053,249.229,0.001308,2,1.00794,0.53,1.1,2.2,103,20.28,14.01,13.5984346,0,1,0,0,0,1,1,0.754598,217.998,8.20E-05
0,187,0,0.473692689,C2H2O2W3,4,3,183.84,1.93,2.18,2.36,55,5828,3695,7.86403,16.37,12,24,24,14,6,6,0.816268,851,19.3,2,12.0107,0.67,1.7,2.55,95,4300,3800,11.260288,24.383154,4,2,0,0,14,4,1.262113612,716.87,2.2,2,15.9994,0.48,1.52,3.44,101,90.2,54.8,13.618055,35.12112,4,4,0,0,16,6,1.4611053,249.229,0.001308,2,1.00794,0.53,1.1,2.2,103,20.28,14.01,13.5984346,0,1,0,0,0,1,1,0.754598,217.998,8.20E-05
0,187,0,0.408112124,H2N2O2Ta3,4,3,180.94788,2,2.22,1.5,52,5731,3290,7.549571,16.2,12,24,23,14,5,5,0.32312,782,16.4,2,14.0067,0.56,1.55,3.04,100,77.36,63.05,14.53413,29.60125,4,3,0,0,15,5,-0.07,472.44,0.001145,2,15.9994,0.48,1.52,3.44,101,90.2,54.8,13.618055,35.12112,4,4,0,0,16,6,1.4611053,249.229,0.001308,2,1.00794,0.53,1.1,2.2,103,20.28,14.01,13.5984346,0,1,0,0,0,1,1,0.754598,217.998,8.20E-05
0,187,0,0.184796028,C2F2Nb3,3,3,92.90638,1.98,2.18,1.6,53,5017,2750,6.75885,14.32,9,18,14,0,5,5,0.917407,733,8.57,2,12.0107,0.67,1.7,2.55,95,4300,3800,11.260288,24.383154,4,2,0,0,14,4,1.262113612,716.87,2.2,2,18.9984032,0.42,1.47,3.98,102,85.03,53.53,17.42282,34.97081,4,5,0,0,17,7,3.401189824,79.335,0.001553,0,0,0,0,0,0,0,0,0,0,0,0,0,0,0,0,0,0,0
0,187,0,0.175274036,C2O2Ti3,3,3,47.867,1.76,2.11,1.54,51,3560,1941,6.82812,13.5755,8,12,2,0,4,4,0.075545,473,4.506,2,12.0107,0.67,1.7,2.55,95,4300,3800,11.260288,24.383154,4,2,0,0,14,4,1.262113612,716.87,2.2,2,15.9994,0.48,1.52,3.44,101,90.2,54.8,13.618055,35.12112,4,4,0,0,16,6,1.4611053,249.229,0.001308,0,0,0,0,0,0,0,0,0,0,0,0,0,0,0,0,0,0,0
0,187,0,0.13372424,F2N2Zr3,3,3,91.224,2.06,2.23,1.33,49,4682,2128,6.634126,13.13,10,18,12,0,4,4,0.433289,610,6.52,2,14.0067,0.56,1.55,3.04,100,77.36,63.05,14.53413,29.60125,4,3,0,0,15,5,-0.07,472.44,0.001145,2,18.9984032,0.42,1.47,3.98,102,85.03,53.53,17.42282,34.97081,4,5,0,0,17,7,3.401189824,79.335,0.001553,0,0,0,0,0,0,0,0,0,0,0,0,0,0,0,0,0,0,0
0,164,0,0.282334547,H2O2C3Mo4,4,4,95.94,1.9,2.17,2.16,56,4912,2896,7.09243,16.16,9,18,15,0,6,6,0.74733,658.98,10.2,3,12.0107,0.67,1.7,2.55,95,4300,3800,11.260288,24.383154,4,2,0,0,14,4,1.262113612,716.87,2.2,2,15.9994,0.48,1.52,3.44,101,90.2,54.8,13.618055,35.12112,4,4,0,0,16,6,1.4611053,249.229,0.001308,2,1.00794,0.53,1.1,2.2,103,20.28,14.01,13.5984346,0,1,0,0,0,1,1,0.754598,217.998,8.20E-05
0,164,0,0.434351631,H2O2N3Ta4,4,4,180.94788,2,2.22,1.5,52,5731,3290,7.549571,16.2,12,24,23,14,5,5,0.32312,782,16.4,3,14.0067,0.56,1.55,3.04,100,77.36,63.05,14.53413,29.60125,4,3,0,0,15,5,-0.07,472.44,0.001145,2,15.9994,0.48,1.52,3.44,101,90.2,54.8,13.618055,35.12112,4,4,0,0,16,6,1.4611053,249.229,0.001308,2,1.00794,0.53,1.1,2.2,103,20.28,14.01,13.5984346,0,1,0,0,0,1,1,0.754598,217.998,8.20E-05
0,187,0,0.635990619,C2Ta3,2,3,180.94788,2,2.22,1.5,52,5731,3290,7.549571,16.2,12,24,23,14,5,5,0.32312,782,16.4,2,12.0107,0.67,1.7,2.55,95,4300,3800,11.260288,24.383154,4,2,0,0,14,4,1.262113612,716.87,2.2,0,0,0,0,0,0,0,0,0,0,0,0,0,0,0,0,0,0,0,0,0,0,0,0,0,0,0,0,0,0,0,0,0,0,0,0,0,0
0,187,0,0.682012185,N2W3,2,3,183.84,1.93,2.18,2.36,55,5828,3695,7.86403,16.37,12,24,24,14,6,6,0.816268,851,19.3,2,14.0067,0.56,1.55,3.04,100,77.36,63.05,14.53413,29.60125,4,3,0,0,15,5,-0.07,472.44,0.001145,0,0,0,0,0,0,0,0,0,0,0,0,0,0,0,0,0,0,0,0,0,0,0,0,0,0,0,0,0,0,0,0,0,0,0,0,0,0
0,164,0,0.439913351,F2C3W4,3,4,183.84,1.93,2.18,2.36,55,5828,3695,7.86403,16.37,12,24,24,14,6,6,0.816268,851,19.3,3,12.0107,0.67,1.7,2.55,95,4300,3800,11.260288,24.383154,4,2,0,0,14,4,1.262113612,716.87,2.2,2,18.9984032,0.42,1.47,3.98,102,85.03,53.53,17.42282,34.97081,4,5,0,0,17,7,3.401189824,79.335,0.001553,0,0,0,0,0,0,0,0,0,0,0,0,0,0,0,0,0,0,0
0,164,0,0.101825269,O2C3Hf4,3,4,178.49,2.08,2.23,1.3,50,4876,2506,6.82507,14.61,12,24,22,14,4,4,0.17807,618.4,13.3,3,12.0107,0.67,1.7,2.55,95,4300,3800,11.260288,24.383154,4,2,0,0,14,4,1.262113612,716.87,2.2,2,15.9994,0.48,1.52,3.44,101,90.2,54.8,13.618055,35.12112,4,4,0,0,16,6,1.4611053,249.229,0.001308,0,0,0,0,0,0,0,0,0,0,0,0,0,0,0,0,0,0,0
0,164,0,0.158959267,O2N3Nb4,3,4,92.90638,1.98,2.18,1.6,53,5017,2750,6.75885,14.32,9,18,14,0,5,5,0.917407,733,8.57,3,14.0067,0.56,1.55,3.04,100,77.36,63.05,14.53413,29.60125,4,3,0,0,15,5,-0.07,472.44,0.001145,2,15.9994,0.48,1.52,3.44,101,90.2,54.8,13.618055,35.12112,4,4,0,0,16,6,1.4611053,249.229,0.001308,0,0,0,0,0,0,0,0,0,0,0,0,0,0,0,0,0,0,0
1,164,1.919404498,0.244752571,C3Ti4,2,4,47.867,1.76,2.11,1.54,51,3560,1941,6.82812,13.5755,8,12,2,0,4,4,0.075545,473,4.506,3,12.0107,0.67,1.7,2.55,95,4300,3800,11.260288,24.383154,4,2,0,0,14,4,1.262113612,716.87,2.2,0,0,0,0,0,0,0,0,0,0,0,0,0,0,0,0,0,0,0,0,0,0,0,0,0,0,0,0,0,0,0,0,0,0,0,0,0,0
0,164,0,0.187096604,N3Y4,2,4,88.90585,2.12,2.32,1.22,25,3609,1799,6.21726,12.2236,10,18,11,0,3,3,0.30712,424.7,4.47,3,14.0067,0.56,1.55,3.04,100,77.36,63.05,14.53413,29.60125,4,3,0,0,15,5,-0.07,472.44,0.001145,0,0,0,0,0,0,0,0,0,0,0,0,0,0,0,0,0,0,0,0,0,0,0,0,0,0,0,0,0,0,0,0,0,0,0,0,0,0
0,164,0,0.620092726,CHf2,2,2,178.49,2.08,2.23,1.3,50,4876,2506,6.82507,14.61,12,24,22,14,4,4,0.17807,618.4,13.3,1,12.0107,0.67,1.7,2.55,95,4300,3800,11.260288,24.383154,4,2,0,0,14,4,1.262113612,716.87,2.2,0,0,0,0,0,0,0,0,0,0,0,0,0,0,0,0,0,0,0,0,0,0,0,0,0,0,0,0,0,0,0,0,0,0,0,0,0,0
1,164,7.600057288,0.14394207,NF2Mn2,3,2,54.938045,1.61,2.05,1.55,60,2334,1519,7.434038,15.63999,8,12,5,0,7,7,-0.52,283.3,7.3,1,14.0067,0.56,1.55,3.04,100,77.36,63.05,14.53413,29.60125,4,3,0,0,15,5,-0.07,472.44,0.001145,2,18.9984032,0.42,1.47,3.98,102,85.03,53.53,17.42282,34.97081,4,5,0,0,17,7,3.401189824,79.335,0.001553,0,0,0,0,0,0,0,0,0,0,0,0,0,0,0,0,0,0,0
0,164,0,0.333334803,NH2Nb2O2,4,2,92.90638,1.98,2.18,1.6,53,5017,2750,6.75885,14.32,9,18,14,0,5,5,0.917407,733,8.57,1,14.0067,0.56,1.55,3.04,100,77.36,63.05,14.53413,29.60125,4,3,0,0,15,5,-0.07,472.44,0.001145,2,15.9994,0.48,1.52,3.44,101,90.2,54.8,13.618055,35.12112,4,4,0,0,16,6,1.4611053,249.229,0.001308,2,1.00794,0.53,1.1,2.2,103,20.28,14.01,13.5984346,0,1,0,0,0,1,1,0.754598,217.998,8.20E-05
1,187,0.873894342,0.553419197,C2H2O2Y3,4,3,88.90585,2.12,2.32,1.22,25,3609,1799,6.21726,12.2236,10,18,11,0,3,3,0.30712,424.7,4.47,2,12.0107,0.67,1.7,2.55,95,4300,3800,11.260288,24.383154,4,2,0,0,14,4,1.262113612,716.87,2.2,2,15.9994,0.48,1.52,3.44,101,90.2,54.8,13.618055,35.12112,4,4,0,0,16,6,1.4611053,249.229,0.001308,2,1.00794,0.53,1.1,2.2,103,20.28,14.01,13.5984346,0,1,0,0,0,1,1,0.754598,217.998,8.20E-05
0,187,0,0.163032588,H2N2O2Ti3,4,3,47.867,1.76,2.11,1.54,51,3560,1941,6.82812,13.5755,8,12,2,0,4,4,0.075545,473,4.506,2,14.0067,0.56,1.55,3.04,100,77.36,63.05,14.53413,29.60125,4,3,0,0,15,5,-0.07,472.44,0.001145,2,15.9994,0.48,1.52,3.44,101,90.2,54.8,13.618055,35.12112,4,4,0,0,16,6,1.4611053,249.229,0.001308,2,1.00794,0.53,1.1,2.2,103,20.28,14.01,13.5984346,0,1,0,0,0,1,1,0.754598,217.998,8.20E-05
0,187,0.614173695,0.17054619,C2F2Sc3,3,3,44.955912,1.84,2.15,1.36,19,3103,1814,6.56149,12.79977,8,12,1,0,3,3,0.1882,377.8,2.99,2,12.0107,0.67,1.7,2.55,95,4300,3800,11.260288,24.383154,4,2,0,0,14,4,1.262113612,716.87,2.2,2,18.9984032,0.42,1.47,3.98,102,85.03,53.53,17.42282,34.97081,4,5,0,0,17,7,3.401189824,79.335,0.001553,0,0,0,0,0,0,0,0,0,0,0,0,0,0,0,0,0,0,0
0,187,0,0.187953818,C2O2V3,3,3,50.9415,1.71,2.07,1.63,54,3680,2183,6.746187,14.634,8,12,3,0,5,5,0.527662,515.5,6,2,12.0107,0.67,1.7,2.55,95,4300,3800,11.260288,24.383154,4,2,0,0,14,4,1.262113612,716.87,2.2,2,15.9994,0.48,1.52,3.44,101,90.2,54.8,13.618055,35.12112,4,4,0,0,16,6,1.4611053,249.229,0.001308,0,0,0,0,0,0,0,0,0,0,0,0,0,0,0,0,0,0,0
1,187,0.747560682,0.317160354,N2O2Cr3,3,3,51.9961,1.66,2.06,1.66,57,2944,2180,6.76651,16.486305,7,12,5,0,6,6,0.6758412,397.48,7.15,2,14.0067,0.56,1.55,3.04,100,77.36,63.05,14.53413,29.60125,4,3,0,0,15,5,-0.07,472.44,0.001145,2,15.9994,0.48,1.52,3.44,101,90.2,54.8,13.618055,35.12112,4,4,0,0,16,6,1.4611053,249.229,0.001308,0,0,0,0,0,0,0,0,0,0,0,0,0,0,0,0,0,0,0
0,164,0,0.154598348,H2O2C3Nb4,4,4,92.90638,1.98,2.18,1.6,53,5017,2750,6.75885,14.32,9,18,14,0,5,5,0.917407,733,8.57,3,12.0107,0.67,1.7,2.55,95,4300,3800,11.260288,24.383154,4,2,0,0,14,4,1.262113612,716.87,2.2,2,15.9994,0.48,1.52,3.44,101,90.2,54.8,13.618055,35.12112,4,4,0,0,16,6,1.4611053,249.229,0.001308,2,1.00794,0.53,1.1,2.2,103,20.28,14.01,13.5984346,0,1,0,0,0,1,1,0.754598,217.998,8.20E-05
0,164,0,0.073928409,H2O2N3Ti4,4,4,47.867,1.76,2.11,1.54,51,3560,1941,6.82812,13.5755,8,12,2,0,4,4,0.075545,473,4.506,3,14.0067,0.56,1.55,3.04,100,77.36,63.05,14.53413,29.60125,4,3,0,0,15,5,-0.07,472.44,0.001145,2,15.9994,0.48,1.52,3.44,101,90.2,54.8,13.618055,35.12112,4,4,0,0,16,6,1.4611053,249.229,0.001308,2,1.00794,0.53,1.1,2.2,103,20.28,14.01,13.5984346,0,1,0,0,0,1,1,0.754598,217.998,8.20E-05
1,187,1.895784397,0.361931186,C2Ti3,2,3,47.867,1.76,2.11,1.54,51,3560,1941,6.82812,13.5755,8,12,2,0,4,4,0.075545,473,4.506,2,12.0107,0.67,1.7,2.55,95,4300,3800,11.260288,24.383154,4,2,0,0,14,4,1.262113612,716.87,2.2,0,0,0,0,0,0,0,0,0,0,0,0,0,0,0,0,0,0,0,0,0,0,0,0,0,0,0,0,0,0,0,0,0,0,0,0,0,0
0,187,0,0.294136582,N2Y3,2,3,88.90585,2.12,2.32,1.22,25,3609,1799,6.21726,12.2236,10,18,11,0,3,3,0.30712,424.7,4.47,2,14.0067,0.56,1.55,3.04,100,77.36,63.05,14.53413,29.60125,4,3,0,0,15,5,-0.07,472.44,0.001145,0,0,0,0,0,0,0,0,0,0,0,0,0,0,0,0,0,0,0,0,0,0,0,0,0,0,0,0,0,0,0,0,0,0,0,0,0,0
0,164,0,0.181794822,F2C3Y4,3,4,88.90585,2.12,2.32,1.22,25,3609,1799,6.21726,12.2236,10,18,11,0,3,3,0.30712,424.7,4.47,3,12.0107,0.67,1.7,2.55,95,4300,3800,11.260288,24.383154,4,2,0,0,14,4,1.262113612,716.87,2.2,2,18.9984032,0.42,1.47,3.98,102,85.03,53.53,17.42282,34.97081,4,5,0,0,17,7,3.401189824,79.335,0.001553,0,0,0,0,0,0,0,0,0,0,0,0,0,0,0,0,0,0,0
1,164,10.30666669,0.393039942,O2C3Mn4,3,4,54.938045,1.61,2.05,1.55,60,2334,1519,7.434038,15.63999,8,12,5,0,7,7,-0.52,283.3,7.3,3,12.0107,0.67,1.7,2.55,95,4300,3800,11.260288,24.383154,4,2,0,0,14,4,1.262113612,716.87,2.2,2,15.9994,0.48,1.52,3.44,101,90.2,54.8,13.618055,35.12112,4,4,0,0,16,6,1.4611053,249.229,0.001308,0,0,0,0,0,0,0,0,0,0,0,0,0,0,0,0,0,0,0
0,164,0,0.240555403,O2N3Sc4,3,4,44.955912,1.84,2.15,1.36,19,3103,1814,6.56149,12.79977,8,12,1,0,3,3,0.1882,377.8,2.99,3,14.0067,0.56,1.55,3.04,100,77.36,63.05,14.53413,29.60125,4,3,0,0,15,5,-0.07,472.44,0.001145,2,15.9994,0.48,1.52,3.44,101,90.2,54.8,13.618055,35.12112,4,4,0,0,16,6,1.4611053,249.229,0.001308,0,0,0,0,0,0,0,0,0,0,0,0,0,0,0,0,0,0,0
0,164,0,0.374984237,C3V4,2,4,50.9415,1.71,2.07,1.63,54,3680,2183,6.746187,14.634,8,12,3,0,5,5,0.527662,515.5,6,3,12.0107,0.67,1.7,2.55,95,4300,3800,11.260288,24.383154,4,2,0,0,14,4,1.262113612,716.87,2.2,0,0,0,0,0,0,0,0,0,0,0,0,0,0,0,0,0,0,0,0,0,0,0,0,0,0,0,0,0,0,0,0,0,0,0,0,0,0
1,164,0.865095997,0.286819364,N3Zr4,2,4,91.224,2.06,2.23,1.33,49,4682,2128,6.634126,13.13,10,18,12,0,4,4,0.433289,610,6.52,3,14.0067,0.56,1.55,3.04,100,77.36,63.05,14.53413,29.60125,4,3,0,0,15,5,-0.07,472.44,0.001145,0,0,0,0,0,0,0,0,0,0,0,0,0,0,0,0,0,0,0,0,0,0,0,0,0,0,0,0,0,0,0,0,0,0,0,0,0,0
1,164,5.152971354,0.75984666,CMn2,2,2,54.938045,1.61,2.05,1.55,60,2334,1519,7.434038,15.63999,8,12,5,0,7,7,-0.52,283.3,7.3,1,12.0107,0.67,1.7,2.55,95,4300,3800,11.260288,24.383154,4,2,0,0,14,4,1.262113612,716.87,2.2,0,0,0,0,0,0,0,0,0,0,0,0,0,0,0,0,0,0,0,0,0,0,0,0,0,0,0,0,0,0,0,0,0,0,0,0,0,0
0,164,0,0.039848441,CF2Hf2,3,2,178.49,2.08,2.23,1.3,50,4876,2506,6.82507,14.61,12,24,22,14,4,4,0.17807,618.4,13.3,1,12.0107,0.67,1.7,2.55,95,4300,3800,11.260288,24.383154,4,2,0,0,14,4,1.262113612,716.87,2.2,2,18.9984032,0.42,1.47,3.98,102,85.03,53.53,17.42282,34.97081,4,5,0,0,17,7,3.401189824,79.335,0.001553,0,0,0,0,0,0,0,0,0,0,0,0,0,0,0,0,0,0,0
0,164,0,0.110416072,CNb2O2,3,2,92.90638,1.98,2.18,1.6,53,5017,2750,6.75885,14.32,9,18,14,0,5,5,0.917407,733,8.57,1,12.0107,0.67,1.7,2.55,95,4300,3800,11.260288,24.383154,4,2,0,0,14,4,1.262113612,716.87,2.2,2,15.9994,0.48,1.52,3.44,101,90.2,54.8,13.618055,35.12112,4,4,0,0,16,6,1.4611053,249.229,0.001308,0,0,0,0,0,0,0,0,0,0,0,0,0,0,0,0,0,0,0
0,164,0,0.265181734,NF2Mo2,3,2,95.94,1.9,2.17,2.16,56,4912,2896,7.09243,16.16,9,18,15,0,6,6,0.74733,658.98,10.2,1,14.0067,0.56,1.55,3.04,100,77.36,63.05,14.53413,29.60125,4,3,0,0,15,5,-0.07,472.44,0.001145,2,18.9984032,0.42,1.47,3.98,102,85.03,53.53,17.42282,34.97081,4,5,0,0,17,7,3.401189824,79.335,0.001553,0,0,0,0,0,0,0,0,0,0,0,0,0,0,0,0,0,0,0
0,164,0,0.261553526,NH2O2Sc2,4,2,44.955912,1.84,2.15,1.36,19,3103,1814,6.56149,12.79977,8,12,1,0,3,3,0.1882,377.8,2.99,1,14.0067,0.56,1.55,3.04,100,77.36,63.05,14.53413,29.60125,4,3,0,0,15,5,-0.07,472.44,0.001145,2,15.9994,0.48,1.52,3.44,101,90.2,54.8,13.618055,35.12112,4,4,0,0,16,6,1.4611053,249.229,0.001308,2,1.00794,0.53,1.1,2.2,103,20.28,14.01,13.5984346,0,1,0,0,0,1,1,0.754598,217.998,8.20E-05
0,187,0,0.227480016,C2H2O2Zr3,4,3,91.224,2.06,2.23,1.33,49,4682,2128,6.634126,13.13,10,18,12,0,4,4,0.433289,610,6.52,2,12.0107,0.67,1.7,2.55,95,4300,3800,11.260288,24.383154,4,2,0,0,14,4,1.262113612,716.87,2.2,2,15.9994,0.48,1.52,3.44,101,90.2,54.8,13.618055,35.12112,4,4,0,0,16,6,1.4611053,249.229,0.001308,2,1.00794,0.53,1.1,2.2,103,20.28,14.01,13.5984346,0,1,0,0,0,1,1,0.754598,217.998,8.20E-05
1,187,1.123706186,0.235674563,H2N2O2V3,4,3,50.9415,1.71,2.07,1.63,54,3680,2183,6.746187,14.634,8,12,3,0,5,5,0.527662,515.5,6,2,14.0067,0.56,1.55,3.04,100,77.36,63.05,14.53413,29.60125,4,3,0,0,15,5,-0.07,472.44,0.001145,2,15.9994,0.48,1.52,3.44,101,90.2,54.8,13.618055,35.12112,4,4,0,0,16,6,1.4611053,249.229,0.001308,2,1.00794,0.53,1.1,2.2,103,20.28,14.01,13.5984346,0,1,0,0,0,1,1,0.754598,217.998,8.20E-05
0,187,0,0.269073077,C2F2Ta3,3,3,180.94788,2,2.22,1.5,52,5731,3290,7.549571,16.2,12,24,23,14,5,5,0.32312,782,16.4,2,12.0107,0.67,1.7,2.55,95,4300,3800,11.260288,24.383154,4,2,0,0,14,4,1.262113612,716.87,2.2,2,18.9984032,0.42,1.47,3.98,102,85.03,53.53,17.42282,34.97081,4,5,0,0,17,7,3.401189824,79.335,0.001553,0,0,0,0,0,0,0,0,0,0,0,0,0,0,0,0,0,0,0
0,187,0,0.389190625,C2O2W3,3,3,183.84,1.93,2.18,2.36,55,5828,3695,7.86403,16.37,12,24,24,14,6,6,0.816268,851,19.3,2,12.0107,0.67,1.7,2.55,95,4300,3800,11.260288,24.383154,4,2,0,0,14,4,1.262113612,716.87,2.2,2,15.9994,0.48,1.52,3.44,101,90.2,54.8,13.618055,35.12112,4,4,0,0,16,6,1.4611053,249.229,0.001308,0,0,0,0,0,0,0,0,0,0,0,0,0,0,0,0,0,0,0
0,187,0,0.08787343,N2O2Hf3,3,3,178.49,2.08,2.23,1.3,50,4876,2506,6.82507,14.61,12,24,22,14,4,4,0.17807,618.4,13.3,2,14.0067,0.56,1.55,3.04,100,77.36,63.05,14.53413,29.60125,4,3,0,0,15,5,-0.07,472.44,0.001145,2,15.9994,0.48,1.52,3.44,101,90.2,54.8,13.618055,35.12112,4,4,0,0,16,6,1.4611053,249.229,0.001308,0,0,0,0,0,0,0,0,0,0,0,0,0,0,0,0,0,0,0
0,164,0,0.406312153,H2O2C3Sc4,4,4,44.955912,1.84,2.15,1.36,19,3103,1814,6.56149,12.79977,8,12,1,0,3,3,0.1882,377.8,2.99,3,12.0107,0.67,1.7,2.55,95,4300,3800,11.260288,24.383154,4,2,0,0,14,4,1.262113612,716.87,2.2,2,15.9994,0.48,1.52,3.44,101,90.2,54.8,13.618055,35.12112,4,4,0,0,16,6,1.4611053,249.229,0.001308,2,1.00794,0.53,1.1,2.2,103,20.28,14.01,13.5984346,0,1,0,0,0,1,1,0.754598,217.998,8.20E-05
0,164,0,0.180354428,H2O2N3V4,4,4,50.9415,1.71,2.07,1.63,54,3680,2183,6.746187,14.634,8,12,3,0,5,5,0.527662,515.5,6,3,14.0067,0.56,1.55,3.04,100,77.36,63.05,14.53413,29.60125,4,3,0,0,15,5,-0.07,472.44,0.001145,2,15.9994,0.48,1.52,3.44,101,90.2,54.8,13.618055,35.12112,4,4,0,0,16,6,1.4611053,249.229,0.001308,2,1.00794,0.53,1.1,2.2,103,20.28,14.01,13.5984346,0,1,0,0,0,1,1,0.754598,217.998,8.20E-05
0,187,0,0.515501124,C2V3,2,3,50.9415,1.71,2.07,1.63,54,3680,2183,6.746187,14.634,8,12,3,0,5,5,0.527662,515.5,6,2,12.0107,0.67,1.7,2.55,95,4300,3800,11.260288,24.383154,4,2,0,0,14,4,1.262113612,716.87,2.2,0,0,0,0,0,0,0,0,0,0,0,0,0,0,0,0,0,0,0,0,0,0,0,0,0,0,0,0,0,0,0,0,0,0,0,0,0,0
1,187,1.75175484,0.506064571,N2Zr3,2,3,91.224,2.06,2.23,1.33,49,4682,2128,6.634126,13.13,10,18,12,0,4,4,0.433289,610,6.52,2,14.0067,0.56,1.55,3.04,100,77.36,63.05,14.53413,29.60125,4,3,0,0,15,5,-0.07,472.44,0.001145,0,0,0,0,0,0,0,0,0,0,0,0,0,0,0,0,0,0,0,0,0,0,0,0,0,0,0,0,0,0,0,0,0,0,0,0,0,0
0,164,0,0.004888404,F2C3Zr4,3,4,91.224,2.06,2.23,1.33,49,4682,2128,6.634126,13.13,10,18,12,0,4,4,0.433289,610,6.52,3,12.0107,0.67,1.7,2.55,95,4300,3800,11.260288,24.383154,4,2,0,0,14,4,1.262113612,716.87,2.2,2,18.9984032,0.42,1.47,3.98,102,85.03,53.53,17.42282,34.97081,4,5,0,0,17,7,3.401189824,79.335,0.001553,0,0,0,0,0,0,0,0,0,0,0,0,0,0,0,0,0,0,0
0,164,0,0.323354667,O2C3Mo4,3,4,95.94,1.9,2.17,2.16,56,4912,2896,7.09243,16.16,9,18,15,0,6,6,0.74733,658.98,10.2,3,12.0107,0.67,1.7,2.55,95,4300,3800,11.260288,24.383154,4,2,0,0,14,4,1.262113612,716.87,2.2,2,15.9994,0.48,1.52,3.44,101,90.2,54.8,13.618055,35.12112,4,4,0,0,16,6,1.4611053,249.229,0.001308,0,0,0,0,0,0,0,0,0,0,0,0,0,0,0,0,0,0,0
0,164,0,0.276947281,O2N3Ta4,3,4,180.94788,2,2.22,1.5,52,5731,3290,7.549571,16.2,12,24,23,14,5,5,0.32312,782,16.4,3,14.0067,0.56,1.55,3.04,100,77.36,63.05,14.53413,29.60125,4,3,0,0,15,5,-0.07,472.44,0.001145,2,15.9994,0.48,1.52,3.44,101,90.2,54.8,13.618055,35.12112,4,4,0,0,16,6,1.4611053,249.229,0.001308,0,0,0,0,0,0,0,0,0,0,0,0,0,0,0,0,0,0,0
0,164,0,0.72203417,C3W4,2,4,183.84,1.93,2.18,2.36,55,5828,3695,7.86403,16.37,12,24,24,14,6,6,0.816268,851,19.3,3,12.0107,0.67,1.7,2.55,95,4300,3800,11.260288,24.383154,4,2,0,0,14,4,1.262113612,716.87,2.2,0,0,0,0,0,0,0,0,0,0,0,0,0,0,0,0,0,0,0,0,0,0,0,0,0,0,0,0,0,0,0,0,0,0,0,0,0,0
0,164,0,0.973056188,CMo2,2,2,95.94,1.9,2.17,2.16,56,4912,2896,7.09243,16.16,9,18,15,0,6,6,0.74733,658.98,10.2,1,12.0107,0.67,1.7,2.55,95,4300,3800,11.260288,24.383154,4,2,0,0,14,4,1.262113612,716.87,2.2,0,0,0,0,0,0,0,0,0,0,0,0,0,0,0,0,0,0,0,0,0,0,0,0,0,0,0,0,0,0,0,0,0,0,0,0,0,0
0,164,0,0.891841383,NCr2,2,2,51.9961,1.66,2.06,1.66,57,2944,2180,6.76651,16.486305,7,12,5,0,6,6,0.6758412,397.48,7.15,1,14.0067,0.56,1.55,3.04,100,77.36,63.05,14.53413,29.60125,4,3,0,0,15,5,-0.07,472.44,0.001145,0,0,0,0,0,0,0,0,0,0,0,0,0,0,0,0,0,0,0,0,0,0,0,0,0,0,0,0,0,0,0,0,0,0,0,0,0,0
1,164,5.954548777,0.232771164,CF2Mn2,3,2,54.938045,1.61,2.05,1.55,60,2334,1519,7.434038,15.63999,8,12,5,0,7,7,-0.52,283.3,7.3,1,12.0107,0.67,1.7,2.55,95,4300,3800,11.260288,24.383154,4,2,0,0,14,4,1.262113612,716.87,2.2,2,18.9984032,0.42,1.47,3.98,102,85.03,53.53,17.42282,34.97081,4,5,0,0,17,7,3.401189824,79.335,0.001553,0,0,0,0,0,0,0,0,0,0,0,0,0,0,0,0,0,0,0
0,164,0,0.329717599,NF2Nb2,3,2,92.90638,1.98,2.18,1.6,53,5017,2750,6.75885,14.32,9,18,14,0,5,5,0.917407,733,8.57,1,14.0067,0.56,1.55,3.04,100,77.36,63.05,14.53413,29.60125,4,3,0,0,15,5,-0.07,472.44,0.001145,2,18.9984032,0.42,1.47,3.98,102,85.03,53.53,17.42282,34.97081,4,5,0,0,17,7,3.401189824,79.335,0.001553,0,0,0,0,0,0,0,0,0,0,0,0,0,0,0,0,0,0,0
0,164,0,0.514446656,NO2Sc2,3,2,44.955912,1.84,2.15,1.36,19,3103,1814,6.56149,12.79977,8,12,1,0,3,3,0.1882,377.8,2.99,1,14.0067,0.56,1.55,3.04,100,77.36,63.05,14.53413,29.60125,4,3,0,0,15,5,-0.07,472.44,0.001145,2,15.9994,0.48,1.52,3.44,101,90.2,54.8,13.618055,35.12112,4,4,0,0,16,6,1.4611053,249.229,0.001308,0,0,0,0,0,0,0,0,0,0,0,0,0,0,0,0,0,0,0
0,164,0,0.484552781,NH2O2Ta2,4,2,180.94788,2,2.22,1.5,52,5731,3290,7.549571,16.2,12,24,23,14,5,5,0.32312,782,16.4,1,14.0067,0.56,1.55,3.04,100,77.36,63.05,14.53413,29.60125,4,3,0,0,15,5,-0.07,472.44,0.001145,2,15.9994,0.48,1.52,3.44,101,90.2,54.8,13.618055,35.12112,4,4,0,0,16,6,1.4611053,249.229,0.001308,2,1.00794,0.53,1.1,2.2,103,20.28,14.01,13.5984346,0,1,0,0,0,1,1,0.754598,217.998,8.20E-05
0,187,0,0.421728587,H2N2O2W3,4,3,183.84,1.93,2.18,2.36,55,5828,3695,7.86403,16.37,12,24,24,14,6,6,0.816268,851,19.3,2,14.0067,0.56,1.55,3.04,100,77.36,63.05,14.53413,29.60125,4,3,0,0,15,5,-0.07,472.44,0.001145,2,15.9994,0.48,1.52,3.44,101,90.2,54.8,13.618055,35.12112,4,4,0,0,16,6,1.4611053,249.229,0.001308,2,1.00794,0.53,1.1,2.2,103,20.28,14.01,13.5984346,0,1,0,0,0,1,1,0.754598,217.998,8.20E-05
0,187,0,0.002975813,C2F2Ti3,3,3,47.867,1.76,2.11,1.54,51,3560,1941,6.82812,13.5755,8,12,2,0,4,4,0.075545,473,4.506,2,12.0107,0.67,1.7,2.55,95,4300,3800,11.260288,24.383154,4,2,0,0,14,4,1.262113612,716.87,2.2,2,18.9984032,0.42,1.47,3.98,102,85.03,53.53,17.42282,34.97081,4,5,0,0,17,7,3.401189824,79.335,0.001553,0,0,0,0,0,0,0,0,0,0,0,0,0,0,0,0,0,0,0
0,187,0,0.364325407,C2O2Y3,3,3,88.90585,2.12,2.32,1.22,25,3609,1799,6.21726,12.2236,10,18,11,0,3,3,0.30712,424.7,4.47,2,12.0107,0.67,1.7,2.55,95,4300,3800,11.260288,24.383154,4,2,0,0,14,4,1.262113612,716.87,2.2,2,15.9994,0.48,1.52,3.44,101,90.2,54.8,13.618055,35.12112,4,4,0,0,16,6,1.4611053,249.229,0.001308,0,0,0,0,0,0,0,0,0,0,0,0,0,0,0,0,0,0,0
0,187,0,0.283542296,N2O2Mo3,3,3,95.94,1.9,2.17,2.16,56,4912,2896,7.09243,16.16,9,18,15,0,6,6,0.74733,658.98,10.2,2,14.0067,0.56,1.55,3.04,100,77.36,63.05,14.53413,29.60125,4,3,0,0,15,5,-0.07,472.44,0.001145,2,15.9994,0.48,1.52,3.44,101,90.2,54.8,13.618055,35.12112,4,4,0,0,16,6,1.4611053,249.229,0.001308,0,0,0,0,0,0,0,0,0,0,0,0,0,0,0,0,0,0,0
0,164,0,0.193119783,H2O2C3Ta4,4,4,180.94788,2,2.22,1.5,52,5731,3290,7.549571,16.2,12,24,23,14,5,5,0.32312,782,16.4,3,12.0107,0.67,1.7,2.55,95,4300,3800,11.260288,24.383154,4,2,0,0,14,4,1.262113612,716.87,2.2,2,15.9994,0.48,1.52,3.44,101,90.2,54.8,13.618055,35.12112,4,4,0,0,16,6,1.4611053,249.229,0.001308,2,1.00794,0.53,1.1,2.2,103,20.28,14.01,13.5984346,0,1,0,0,0,1,1,0.754598,217.998,8.20E-05
0,164,0,0.424045437,H2O2N3W4,4,4,183.84,1.93,2.18,2.36,55,5828,3695,7.86403,16.37,12,24,24,14,6,6,0.816268,851,19.3,3,14.0067,0.56,1.55,3.04,100,77.36,63.05,14.53413,29.60125,4,3,0,0,15,5,-0.07,472.44,0.001145,2,15.9994,0.48,1.52,3.44,101,90.2,54.8,13.618055,35.12112,4,4,0,0,16,6,1.4611053,249.229,0.001308,2,1.00794,0.53,1.1,2.2,103,20.28,14.01,13.5984346,0,1,0,0,0,1,1,0.754598,217.998,8.20E-05
0,187,0,0.751129437,C2W3,2,3,183.84,1.93,2.18,2.36,55,5828,3695,7.86403,16.37,12,24,24,14,6,6,0.816268,851,19.3,2,12.0107,0.67,1.7,2.55,95,4300,3800,11.260288,24.383154,4,2,0,0,14,4,1.262113612,716.87,2.2,0,0,0,0,0,0,0,0,0,0,0,0,0,0,0,0,0,0,0,0,0,0,0,0,0,0,0,0,0,0,0,0,0,0,0,0,0,0
1,164,0.422171757,0.026373943,F2N3Cr4,3,4,51.9961,1.66,2.06,1.66,57,2944,2180,6.76651,16.486305,7,12,5,0,6,6,0.6758412,397.48,7.15,3,14.0067,0.56,1.55,3.04,100,77.36,63.05,14.53413,29.60125,4,3,0,0,15,5,-0.07,472.44,0.001145,2,18.9984032,0.42,1.47,3.98,102,85.03,53.53,17.42282,34.97081,4,5,0,0,17,7,3.401189824,79.335,0.001553,0,0,0,0,0,0,0,0,0,0,0,0,0,0,0,0,0,0,0
0,164,0,0.077252271,O2C3Nb4,3,4,92.90638,1.98,2.18,1.6,53,5017,2750,6.75885,14.32,9,18,14,0,5,5,0.917407,733,8.57,3,12.0107,0.67,1.7,2.55,95,4300,3800,11.260288,24.383154,4,2,0,0,14,4,1.262113612,716.87,2.2,2,15.9994,0.48,1.52,3.44,101,90.2,54.8,13.618055,35.12112,4,4,0,0,16,6,1.4611053,249.229,0.001308,0,0,0,0,0,0,0,0,0,0,0,0,0,0,0,0,0,0,0
0,164,0,0,O2N3Ti4,3,4,47.867,1.76,2.11,1.54,51,3560,1941,6.82812,13.5755,8,12,2,0,4,4,0.075545,473,4.506,3,14.0067,0.56,1.55,3.04,100,77.36,63.05,14.53413,29.60125,4,3,0,0,15,5,-0.07,472.44,0.001145,2,15.9994,0.48,1.52,3.44,101,90.2,54.8,13.618055,35.12112,4,4,0,0,16,6,1.4611053,249.229,0.001308,0,0,0,0,0,0,0,0,0,0,0,0,0,0,0,0,0,0,0
0,164,0,0.187341362,C3Y4,2,4,88.90585,2.12,2.32,1.22,25,3609,1799,6.21726,12.2236,10,18,11,0,3,3,0.30712,424.7,4.47,3,12.0107,0.67,1.7,2.55,95,4300,3800,11.260288,24.383154,4,2,0,0,14,4,1.262113612,716.87,2.2,0,0,0,0,0,0,0,0,0,0,0,0,0,0,0,0,0,0,0,0,0,0,0,0,0,0,0,0,0,0,0,0,0,0,0,0,0,0
0,164,0,0.837083803,CNb2,2,2,92.90638,1.98,2.18,1.6,53,5017,2750,6.75885,14.32,9,18,14,0,5,5,0.917407,733,8.57,1,12.0107,0.67,1.7,2.55,95,4300,3800,11.260288,24.383154,4,2,0,0,14,4,1.262113612,716.87,2.2,0,0,0,0,0,0,0,0,0,0,0,0,0,0,0,0,0,0,0,0,0,0,0,0,0,0,0,0,0,0,0,0,0,0,0,0,0,0
0,164,0,0.687294809,NHf2,2,2,178.49,2.08,2.23,1.3,50,4876,2506,6.82507,14.61,12,24,22,14,4,4,0.17807,618.4,13.3,1,14.0067,0.56,1.55,3.04,100,77.36,63.05,14.53413,29.60125,4,3,0,0,15,5,-0.07,472.44,0.001145,0,0,0,0,0,0,0,0,0,0,0,0,0,0,0,0,0,0,0,0,0,0,0,0,0,0,0,0,0,0,0,0,0,0,0,0,0,0
0,164,0,0.324506247,CF2Mo2,3,2,95.94,1.9,2.17,2.16,56,4912,2896,7.09243,16.16,9,18,15,0,6,6,0.74733,658.98,10.2,1,12.0107,0.67,1.7,2.55,95,4300,3800,11.260288,24.383154,4,2,0,0,14,4,1.262113612,716.87,2.2,2,18.9984032,0.42,1.47,3.98,102,85.03,53.53,17.42282,34.97081,4,5,0,0,17,7,3.401189824,79.335,0.001553,0,0,0,0,0,0,0,0,0,0,0,0,0,0,0,0,0,0,0
0,164,0,0.016245819,NF2Sc2,3,2,44.955912,1.84,2.15,1.36,19,3103,1814,6.56149,12.79977,8,12,1,0,3,3,0.1882,377.8,2.99,1,14.0067,0.56,1.55,3.04,100,77.36,63.05,14.53413,29.60125,4,3,0,0,15,5,-0.07,472.44,0.001145,2,18.9984032,0.42,1.47,3.98,102,85.03,53.53,17.42282,34.97081,4,5,0,0,17,7,3.401189824,79.335,0.001553,0,0,0,0,0,0,0,0,0,0,0,0,0,0,0,0,0,0,0
0,164,0,0.240624586,NO2Ta2,3,2,180.94788,2,2.22,1.5,52,5731,3290,7.549571,16.2,12,24,23,14,5,5,0.32312,782,16.4,1,14.0067,0.56,1.55,3.04,100,77.36,63.05,14.53413,29.60125,4,3,0,0,15,5,-0.07,472.44,0.001145,2,15.9994,0.48,1.52,3.44,101,90.2,54.8,13.618055,35.12112,4,4,0,0,16,6,1.4611053,249.229,0.001308,0,0,0,0,0,0,0,0,0,0,0,0,0,0,0,0,0,0,0
0,164,0,0.343651126,CH2Hf2O2,4,2,178.49,2.08,2.23,1.3,50,4876,2506,6.82507,14.61,12,24,22,14,4,4,0.17807,618.4,13.3,1,12.0107,0.67,1.7,2.55,95,4300,3800,11.260288,24.383154,4,2,0,0,14,4,1.262113612,716.87,2.2,2,15.9994,0.48,1.52,3.44,101,90.2,54.8,13.618055,35.12112,4,4,0,0,16,6,1.4611053,249.229,0.001308,2,1.00794,0.53,1.1,2.2,103,20.28,14.01,13.5984346,0,1,0,0,0,1,1,0.754598,217.998,8.20E-05
0,164,0,0.147477901,NH2O2Ti2,4,2,47.867,1.76,2.11,1.54,51,3560,1941,6.82812,13.5755,8,12,2,0,4,4,0.075545,473,4.506,1,14.0067,0.56,1.55,3.04,100,77.36,63.05,14.53413,29.60125,4,3,0,0,15,5,-0.07,472.44,0.001145,2,15.9994,0.48,1.52,3.44,101,90.2,54.8,13.618055,35.12112,4,4,0,0,16,6,1.4611053,249.229,0.001308,2,1.00794,0.53,1.1,2.2,103,20.28,14.01,13.5984346,0,1,0,0,0,1,1,0.754598,217.998,8.20E-05
0,187,0,0.240291624,H2N2O2Y3,4,3,88.90585,2.12,2.32,1.22,25,3609,1799,6.21726,12.2236,10,18,11,0,3,3,0.30712,424.7,4.47,2,14.0067,0.56,1.55,3.04,100,77.36,63.05,14.53413,29.60125,4,3,0,0,15,5,-0.07,472.44,0.001145,2,15.9994,0.48,1.52,3.44,101,90.2,54.8,13.618055,35.12112,4,4,0,0,16,6,1.4611053,249.229,0.001308,2,1.00794,0.53,1.1,2.2,103,20.28,14.01,13.5984346,0,1,0,0,0,1,1,0.754598,217.998,8.20E-05
0,187,0,0.169393948,C2F2V3,3,3,50.9415,1.71,2.07,1.63,54,3680,2183,6.746187,14.634,8,12,3,0,5,5,0.527662,515.5,6,2,12.0107,0.67,1.7,2.55,95,4300,3800,11.260288,24.383154,4,2,0,0,14,4,1.262113612,716.87,2.2,2,18.9984032,0.42,1.47,3.98,102,85.03,53.53,17.42282,34.97081,4,5,0,0,17,7,3.401189824,79.335,0.001553,0,0,0,0,0,0,0,0,0,0,0,0,0,0,0,0,0,0,0
0,187,0,0.210861984,C2O2Zr3,3,3,91.224,2.06,2.23,1.33,49,4682,2128,6.634126,13.13,10,18,12,0,4,4,0.433289,610,6.52,2,12.0107,0.67,1.7,2.55,95,4300,3800,11.260288,24.383154,4,2,0,0,14,4,1.262113612,716.87,2.2,2,15.9994,0.48,1.52,3.44,101,90.2,54.8,13.618055,35.12112,4,4,0,0,16,6,1.4611053,249.229,0.001308,0,0,0,0,0,0,0,0,0,0,0,0,0,0,0,0,0,0,0
0,187,0,0.209659096,N2O2Nb3,3,3,92.90638,1.98,2.18,1.6,53,5017,2750,6.75885,14.32,9,18,14,0,5,5,0.917407,733,8.57,2,14.0067,0.56,1.55,3.04,100,77.36,63.05,14.53413,29.60125,4,3,0,0,15,5,-0.07,472.44,0.001145,2,15.9994,0.48,1.52,3.44,101,90.2,54.8,13.618055,35.12112,4,4,0,0,16,6,1.4611053,249.229,0.001308,0,0,0,0,0,0,0,0,0,0,0,0,0,0,0,0,0,0,0
0,164,0,0.096587912,H2O2C3Ti4,4,4,47.867,1.76,2.11,1.54,51,3560,1941,6.82812,13.5755,8,12,2,0,4,4,0.075545,473,4.506,3,12.0107,0.67,1.7,2.55,95,4300,3800,11.260288,24.383154,4,2,0,0,14,4,1.262113612,716.87,2.2,2,15.9994,0.48,1.52,3.44,101,90.2,54.8,13.618055,35.12112,4,4,0,0,16,6,1.4611053,249.229,0.001308,2,1.00794,0.53,1.1,2.2,103,20.28,14.01,13.5984346,0,1,0,0,0,1,1,0.754598,217.998,8.20E-05
0,164,0,0.163297723,H2O2N3Y4,4,4,88.90585,2.12,2.32,1.22,25,3609,1799,6.21726,12.2236,10,18,11,0,3,3,0.30712,424.7,4.47,3,14.0067,0.56,1.55,3.04,100,77.36,63.05,14.53413,29.60125,4,3,0,0,15,5,-0.07,472.44,0.001145,2,15.9994,0.48,1.52,3.44,101,90.2,54.8,13.618055,35.12112,4,4,0,0,16,6,1.4611053,249.229,0.001308,2,1.00794,0.53,1.1,2.2,103,20.28,14.01,13.5984346,0,1,0,0,0,1,1,0.754598,217.998,8.20E-05
0,187,0,0.198954647,C2Y3,2,3,88.90585,2.12,2.32,1.22,25,3609,1799,6.21726,12.2236,10,18,11,0,3,3,0.30712,424.7,4.47,2,12.0107,0.67,1.7,2.55,95,4300,3800,11.260288,24.383154,4,2,0,0,14,4,1.262113612,716.87,2.2,0,0,0,0,0,0,0,0,0,0,0,0,0,0,0,0,0,0,0,0,0,0,0,0,0,0,0,0,0,0,0,0,0,0,0,0,0,0
0,164,0,0.119567284,F2N3Hf4,3,4,178.49,2.08,2.23,1.3,50,4876,2506,6.82507,14.61,12,24,22,14,4,4,0.17807,618.4,13.3,3,14.0067,0.56,1.55,3.04,100,77.36,63.05,14.53413,29.60125,4,3,0,0,15,5,-0.07,472.44,0.001145,2,18.9984032,0.42,1.47,3.98,102,85.03,53.53,17.42282,34.97081,4,5,0,0,17,7,3.401189824,79.335,0.001553,0,0,0,0,0,0,0,0,0,0,0,0,0,0,0,0,0,0,0
0,164,0,0.531614376,O2C3Sc4,3,4,44.955912,1.84,2.15,1.36,19,3103,1814,6.56149,12.79977,8,12,1,0,3,3,0.1882,377.8,2.99,3,12.0107,0.67,1.7,2.55,95,4300,3800,11.260288,24.383154,4,2,0,0,14,4,1.262113612,716.87,2.2,2,15.9994,0.48,1.52,3.44,101,90.2,54.8,13.618055,35.12112,4,4,0,0,16,6,1.4611053,249.229,0.001308,0,0,0,0,0,0,0,0,0,0,0,0,0,0,0,0,0,0,0
1,164,1.464366948,0.162010031,O2N3V4,3,4,50.9415,1.71,2.07,1.63,54,3680,2183,6.746187,14.634,8,12,3,0,5,5,0.527662,515.5,6,3,14.0067,0.56,1.55,3.04,100,77.36,63.05,14.53413,29.60125,4,3,0,0,15,5,-0.07,472.44,0.001145,2,15.9994,0.48,1.52,3.44,101,90.2,54.8,13.618055,35.12112,4,4,0,0,16,6,1.4611053,249.229,0.001308,0,0,0,0,0,0,0,0,0,0,0,0,0,0,0,0,0,0,0
1,164,1.907444343,0.196816861,C3Zr4,2,4,91.224,2.06,2.23,1.33,49,4682,2128,6.634126,13.13,10,18,12,0,4,4,0.433289,610,6.52,3,12.0107,0.67,1.7,2.55,95,4300,3800,11.260288,24.383154,4,2,0,0,14,4,1.262113612,716.87,2.2,0,0,0,0,0,0,0,0,0,0,0,0,0,0,0,0,0,0,0,0,0,0,0,0,0,0,0,0,0,0,0,0,0,0,0,0,0,0
0,164,0,0.383649812,CSc2,2,2,44.955912,1.84,2.15,1.36,19,3103,1814,6.56149,12.79977,8,12,1,0,3,3,0.1882,377.8,2.99,1,12.0107,0.67,1.7,2.55,95,4300,3800,11.260288,24.383154,4,2,0,0,14,4,1.262113612,716.87,2.2,0,0,0,0,0,0,0,0,0,0,0,0,0,0,0,0,0,0,0,0,0,0,0,0,0,0,0,0,0,0,0,0,0,0,0,0,0,0
1,164,2.972915979,0.816384734,NMn2,2,2,54.938045,1.61,2.05,1.55,60,2334,1519,7.434038,15.63999,8,12,5,0,7,7,-0.52,283.3,7.3,1,14.0067,0.56,1.55,3.04,100,77.36,63.05,14.53413,29.60125,4,3,0,0,15,5,-0.07,472.44,0.001145,0,0,0,0,0,0,0,0,0,0,0,0,0,0,0,0,0,0,0,0,0,0,0,0,0,0,0,0,0,0,0,0,0,0,0,0,0,0
0,164,0,0.106837275,CF2Nb2,3,2,92.90638,1.98,2.18,1.6,53,5017,2750,6.75885,14.32,9,18,14,0,5,5,0.917407,733,8.57,1,12.0107,0.67,1.7,2.55,95,4300,3800,11.260288,24.383154,4,2,0,0,14,4,1.262113612,716.87,2.2,2,18.9984032,0.42,1.47,3.98,102,85.03,53.53,17.42282,34.97081,4,5,0,0,17,7,3.401189824,79.335,0.001553,0,0,0,0,0,0,0,0,0,0,0,0,0,0,0,0,0,0,0
1,164,0.518698606,0.731641783,CO2Sc2,3,2,44.955912,1.84,2.15,1.36,19,3103,1814,6.56149,12.79977,8,12,1,0,3,3,0.1882,377.8,2.99,1,12.0107,0.67,1.7,2.55,95,4300,3800,11.260288,24.383154,4,2,0,0,14,4,1.262113612,716.87,2.2,2,15.9994,0.48,1.52,3.44,101,90.2,54.8,13.618055,35.12112,4,4,0,0,16,6,1.4611053,249.229,0.001308,0,0,0,0,0,0,0,0,0,0,0,0,0,0,0,0,0,0,0
0,164,0,0.506882731,NF2Ta2,3,2,180.94788,2,2.22,1.5,52,5731,3290,7.549571,16.2,12,24,23,14,5,5,0.32312,782,16.4,1,14.0067,0.56,1.55,3.04,100,77.36,63.05,14.53413,29.60125,4,3,0,0,15,5,-0.07,472.44,0.001145,2,18.9984032,0.42,1.47,3.98,102,85.03,53.53,17.42282,34.97081,4,5,0,0,17,7,3.401189824,79.335,0.001553,0,0,0,0,0,0,0,0,0,0,0,0,0,0,0,0,0,0,0
0,164,0,0.081596551,NO2Ti2,3,2,47.867,1.76,2.11,1.54,51,3560,1941,6.82812,13.5755,8,12,2,0,4,4,0.075545,473,4.506,1,14.0067,0.56,1.55,3.04,100,77.36,63.05,14.53413,29.60125,4,3,0,0,15,5,-0.07,472.44,0.001145,2,15.9994,0.48,1.52,3.44,101,90.2,54.8,13.618055,35.12112,4,4,0,0,16,6,1.4611053,249.229,0.001308,0,0,0,0,0,0,0,0,0,0,0,0,0,0,0,0,0,0,0
1,164,5.949248968,0.192975818,CH2Mn2O2,4,2,54.938045,1.61,2.05,1.55,60,2334,1519,7.434038,15.63999,8,12,5,0,7,7,-0.52,283.3,7.3,1,12.0107,0.67,1.7,2.55,95,4300,3800,11.260288,24.383154,4,2,0,0,14,4,1.262113612,716.87,2.2,2,15.9994,0.48,1.52,3.44,101,90.2,54.8,13.618055,35.12112,4,4,0,0,16,6,1.4611053,249.229,0.001308,2,1.00794,0.53,1.1,2.2,103,20.28,14.01,13.5984346,0,1,0,0,0,1,1,0.754598,217.998,8.20E-05
0,164,0,0.163617715,NH2O2V2,4,2,50.9415,1.71,2.07,1.63,54,3680,2183,6.746187,14.634,8,12,3,0,5,5,0.527662,515.5,6,1,14.0067,0.56,1.55,3.04,100,77.36,63.05,14.53413,29.60125,4,3,0,0,15,5,-0.07,472.44,0.001145,2,15.9994,0.48,1.52,3.44,101,90.2,54.8,13.618055,35.12112,4,4,0,0,16,6,1.4611053,249.229,0.001308,2,1.00794,0.53,1.1,2.2,103,20.28,14.01,13.5984346,0,1,0,0,0,1,1,0.754598,217.998,8.20E-05
0,187,0,0.315790352,H2N2O2Zr3,4,3,91.224,2.06,2.23,1.33,49,4682,2128,6.634126,13.13,10,18,12,0,4,4,0.433289,610,6.52,2,14.0067,0.56,1.55,3.04,100,77.36,63.05,14.53413,29.60125,4,3,0,0,15,5,-0.07,472.44,0.001145,2,15.9994,0.48,1.52,3.44,101,90.2,54.8,13.618055,35.12112,4,4,0,0,16,6,1.4611053,249.229,0.001308,2,1.00794,0.53,1.1,2.2,103,20.28,14.01,13.5984346,0,1,0,0,0,1,1,0.754598,217.998,8.20E-05
0,187,0,0.48901482,C2F2W3,3,3,183.84,1.93,2.18,2.36,55,5828,3695,7.86403,16.37,12,24,24,14,6,6,0.816268,851,19.3,2,12.0107,0.67,1.7,2.55,95,4300,3800,11.260288,24.383154,4,2,0,0,14,4,1.262113612,716.87,2.2,2,18.9984032,0.42,1.47,3.98,102,85.03,53.53,17.42282,34.97081,4,5,0,0,17,7,3.401189824,79.335,0.001553,0,0,0,0,0,0,0,0,0,0,0,0,0,0,0,0,0,0,0
0,187,0,0.215268555,F2N2Hf3,3,3,178.49,2.08,2.23,1.3,50,4876,2506,6.82507,14.61,12,24,22,14,4,4,0.17807,618.4,13.3,2,14.0067,0.56,1.55,3.04,100,77.36,63.05,14.53413,29.60125,4,3,0,0,15,5,-0.07,472.44,0.001145,2,18.9984032,0.42,1.47,3.98,102,85.03,53.53,17.42282,34.97081,4,5,0,0,17,7,3.401189824,79.335,0.001553,0,0,0,0,0,0,0,0,0,0,0,0,0,0,0,0,0,0,0
0,187,0.368987385,0.366276919,N2O2Sc3,3,3,44.955912,1.84,2.15,1.36,19,3103,1814,6.56149,12.79977,8,12,1,0,3,3,0.1882,377.8,2.99,2,14.0067,0.56,1.55,3.04,100,77.36,63.05,14.53413,29.60125,4,3,0,0,15,5,-0.07,472.44,0.001145,2,15.9994,0.48,1.52,3.44,101,90.2,54.8,13.618055,35.12112,4,4,0,0,16,6,1.4611053,249.229,0.001308,0,0,0,0,0,0,0,0,0,0,0,0,0,0,0,0,0,0,0
0,164,0,0.147011709,H2O2C3V4,4,4,50.9415,1.71,2.07,1.63,54,3680,2183,6.746187,14.634,8,12,3,0,5,5,0.527662,515.5,6,3,12.0107,0.67,1.7,2.55,95,4300,3800,11.260288,24.383154,4,2,0,0,14,4,1.262113612,716.87,2.2,2,15.9994,0.48,1.52,3.44,101,90.2,54.8,13.618055,35.12112,4,4,0,0,16,6,1.4611053,249.229,0.001308,2,1.00794,0.53,1.1,2.2,103,20.28,14.01,13.5984346,0,1,0,0,0,1,1,0.754598,217.998,8.20E-05
0,164,0,0.220965988,H2O2N3Zr4,4,4,91.224,2.06,2.23,1.33,49,4682,2128,6.634126,13.13,10,18,12,0,4,4,0.433289,610,6.52,3,14.0067,0.56,1.55,3.04,100,77.36,63.05,14.53413,29.60125,4,3,0,0,15,5,-0.07,472.44,0.001145,2,15.9994,0.48,1.52,3.44,101,90.2,54.8,13.618055,35.12112,4,4,0,0,16,6,1.4611053,249.229,0.001308,2,1.00794,0.53,1.1,2.2,103,20.28,14.01,13.5984346,0,1,0,0,0,1,1,0.754598,217.998,8.20E-05
1,187,1.889118166,0.283162458,C2Zr3,2,3,91.224,2.06,2.23,1.33,49,4682,2128,6.634126,13.13,10,18,12,0,4,4,0.433289,610,6.52,2,12.0107,0.67,1.7,2.55,95,4300,3800,11.260288,24.383154,4,2,0,0,14,4,1.262113612,716.87,2.2,0,0,0,0,0,0,0,0,0,0,0,0,0,0,0,0,0,0,0,0,0,0,0,0,0,0,0,0,0,0,0,0,0,0,0,0,0,0
0,164,0,0.210250514,F2N3Mo4,3,4,95.94,1.9,2.17,2.16,56,4912,2896,7.09243,16.16,9,18,15,0,6,6,0.74733,658.98,10.2,3,14.0067,0.56,1.55,3.04,100,77.36,63.05,14.53413,29.60125,4,3,0,0,15,5,-0.07,472.44,0.001145,2,18.9984032,0.42,1.47,3.98,102,85.03,53.53,17.42282,34.97081,4,5,0,0,17,7,3.401189824,79.335,0.001553,0,0,0,0,0,0,0,0,0,0,0,0,0,0,0,0,0,0,0
0,164,0,0.063014189,O2C3Ta4,3,4,180.94788,2,2.22,1.5,52,5731,3290,7.549571,16.2,12,24,23,14,5,5,0.32312,782,16.4,3,12.0107,0.67,1.7,2.55,95,4300,3800,11.260288,24.383154,4,2,0,0,14,4,1.262113612,716.87,2.2,2,15.9994,0.48,1.52,3.44,101,90.2,54.8,13.618055,35.12112,4,4,0,0,16,6,1.4611053,249.229,0.001308,0,0,0,0,0,0,0,0,0,0,0,0,0,0,0,0,0,0,0
0,164,0,0.301040756,O2N3W4,3,4,183.84,1.93,2.18,2.36,55,5828,3695,7.86403,16.37,12,24,24,14,6,6,0.816268,851,19.3,3,14.0067,0.56,1.55,3.04,100,77.36,63.05,14.53413,29.60125,4,3,0,0,15,5,-0.07,472.44,0.001145,2,15.9994,0.48,1.52,3.44,101,90.2,54.8,13.618055,35.12112,4,4,0,0,16,6,1.4611053,249.229,0.001308,0,0,0,0,0,0,0,0,0,0,0,0,0,0,0,0,0,0,0
1,164,0.840126071,0.290493886,N3Cr4,2,4,51.9961,1.66,2.06,1.66,57,2944,2180,6.76651,16.486305,7,12,5,0,6,6,0.6758412,397.48,7.15,3,14.0067,0.56,1.55,3.04,100,77.36,63.05,14.53413,29.60125,4,3,0,0,15,5,-0.07,472.44,0.001145,0,0,0,0,0,0,0,0,0,0,0,0,0,0,0,0,0,0,0,0,0,0,0,0,0,0,0,0,0,0,0,0,0,0,0,0,0,0
0,164,0,0.986071151,NMo2,2,2,95.94,1.9,2.17,2.16,56,4912,2896,7.09243,16.16,9,18,15,0,6,6,0.74733,658.98,10.2,1,14.0067,0.56,1.55,3.04,100,77.36,63.05,14.53413,29.60125,4,3,0,0,15,5,-0.07,472.44,0.001145,0,0,0,0,0,0,0,0,0,0,0,0,0,0,0,0,0,0,0,0,0,0,0,0,0,0,0,0,0,0,0,0,0,0,0,0,0,0
0,164,0,0,CF2Sc2,3,2,44.955912,1.84,2.15,1.36,19,3103,1814,6.56149,12.79977,8,12,1,0,3,3,0.1882,377.8,2.99,1,12.0107,0.67,1.7,2.55,95,4300,3800,11.260288,24.383154,4,2,0,0,14,4,1.262113612,716.87,2.2,2,18.9984032,0.42,1.47,3.98,102,85.03,53.53,17.42282,34.97081,4,5,0,0,17,7,3.401189824,79.335,0.001553,0,0,0,0,0,0,0,0,0,0,0,0,0,0,0,0,0,0,0
0,164,0,0.113381284,CO2Ta2,3,2,180.94788,2,2.22,1.5,52,5731,3290,7.549571,16.2,12,24,23,14,5,5,0.32312,782,16.4,1,12.0107,0.67,1.7,2.55,95,4300,3800,11.260288,24.383154,4,2,0,0,14,4,1.262113612,716.87,2.2,2,15.9994,0.48,1.52,3.44,101,90.2,54.8,13.618055,35.12112,4,4,0,0,16,6,1.4611053,249.229,0.001308,0,0,0,0,0,0,0,0,0,0,0,0,0,0,0,0,0,0,0
0,164,0,0.000146237,NF2Ti2,3,2,47.867,1.76,2.11,1.54,51,3560,1941,6.82812,13.5755,8,12,2,0,4,4,0.075545,473,4.506,1,14.0067,0.56,1.55,3.04,100,77.36,63.05,14.53413,29.60125,4,3,0,0,15,5,-0.07,472.44,0.001145,2,18.9984032,0.42,1.47,3.98,102,85.03,53.53,17.42282,34.97081,4,5,0,0,17,7,3.401189824,79.335,0.001553,0,0,0,0,0,0,0,0,0,0,0,0,0,0,0,0,0,0,0
0,164,0,0.332244768,NO2W2,3,2,183.84,1.93,2.18,2.36,55,5828,3695,7.86403,16.37,12,24,24,14,6,6,0.816268,851,19.3,1,14.0067,0.56,1.55,3.04,100,77.36,63.05,14.53413,29.60125,4,3,0,0,15,5,-0.07,472.44,0.001145,2,15.9994,0.48,1.52,3.44,101,90.2,54.8,13.618055,35.12112,4,4,0,0,16,6,1.4611053,249.229,0.001308,0,0,0,0,0,0,0,0,0,0,0,0,0,0,0,0,0,0,0
0,164,0,0.38807834,CH2Mo2O2,4,2,95.94,1.9,2.17,2.16,56,4912,2896,7.09243,16.16,9,18,15,0,6,6,0.74733,658.98,10.2,1,12.0107,0.67,1.7,2.55,95,4300,3800,11.260288,24.383154,4,2,0,0,14,4,1.262113612,716.87,2.2,2,15.9994,0.48,1.52,3.44,101,90.2,54.8,13.618055,35.12112,4,4,0,0,16,6,1.4611053,249.229,0.001308,2,1.00794,0.53,1.1,2.2,103,20.28,14.01,13.5984346,0,1,0,0,0,1,1,0.754598,217.998,8.20E-05
0,164,0,0.490016771,NH2O2W2,4,2,183.84,1.93,2.18,2.36,55,5828,3695,7.86403,16.37,12,24,24,14,6,6,0.816268,851,19.3,1,14.0067,0.56,1.55,3.04,100,77.36,63.05,14.53413,29.60125,4,3,0,0,15,5,-0.07,472.44,0.001145,2,15.9994,0.48,1.52,3.44,101,90.2,54.8,13.618055,35.12112,4,4,0,0,16,6,1.4611053,249.229,0.001308,2,1.00794,0.53,1.1,2.2,103,20.28,14.01,13.5984346,0,1,0,0,0,1,1,0.754598,217.998,8.20E-05
1,187,6.048519297,0.289481003,C2H2O2Cr3,4,3,51.9961,1.66,2.06,1.66,57,2944,2180,6.76651,16.486305,7,12,5,0,6,6,0.6758412,397.48,7.15,2,12.0107,0.67,1.7,2.55,95,4300,3800,11.260288,24.383154,4,2,0,0,14,4,1.262113612,716.87,2.2,2,15.9994,0.48,1.52,3.44,101,90.2,54.8,13.618055,35.12112,4,4,0,0,16,6,1.4611053,249.229,0.001308,2,1.00794,0.53,1.1,2.2,103,20.28,14.01,13.5984346,0,1,0,0,0,1,1,0.754598,217.998,8.20E-05
1,187,0.852565858,0.168984853,C2F2Y3,3,3,88.90585,2.12,2.32,1.22,25,3609,1799,6.21726,12.2236,10,18,11,0,3,3,0.30712,424.7,4.47,2,12.0107,0.67,1.7,2.55,95,4300,3800,11.260288,24.383154,4,2,0,0,14,4,1.262113612,716.87,2.2,2,18.9984032,0.42,1.47,3.98,102,85.03,53.53,17.42282,34.97081,4,5,0,0,17,7,3.401189824,79.335,0.001553,0,0,0,0,0,0,0,0,0,0,0,0,0,0,0,0,0,0,0
1,156,2.458623532,0.276248707,F2N2Mn3,3,3,54.938045,1.61,2.05,1.55,60,2334,1519,7.434038,15.63999,8,12,5,0,7,7,-0.52,283.3,7.3,2,14.0067,0.56,1.55,3.04,100,77.36,63.05,14.53413,29.60125,4,3,0,0,15,5,-0.07,472.44,0.001145,2,18.9984032,0.42,1.47,3.98,102,85.03,53.53,17.42282,34.97081,4,5,0,0,17,7,3.401189824,79.335,0.001553,0,0,0,0,0,0,0,0,0,0,0,0,0,0,0,0,0,0,0
0,187,0,0.320641291,N2O2Ta3,3,3,180.94788,2,2.22,1.5,52,5731,3290,7.549571,16.2,12,24,23,14,5,5,0.32312,782,16.4,2,14.0067,0.56,1.55,3.04,100,77.36,63.05,14.53413,29.60125,4,3,0,0,15,5,-0.07,472.44,0.001145,2,15.9994,0.48,1.52,3.44,101,90.2,54.8,13.618055,35.12112,4,4,0,0,16,6,1.4611053,249.229,0.001308,0,0,0,0,0,0,0,0,0,0,0,0,0,0,0,0,0,0,0
0,164,0,0.438674703,H2O2C3W4,4,4,183.84,1.93,2.18,2.36,55,5828,3695,7.86403,16.37,12,24,24,14,6,6,0.816268,851,19.3,3,12.0107,0.67,1.7,2.55,95,4300,3800,11.260288,24.383154,4,2,0,0,14,4,1.262113612,716.87,2.2,2,15.9994,0.48,1.52,3.44,101,90.2,54.8,13.618055,35.12112,4,4,0,0,16,6,1.4611053,249.229,0.001308,2,1.00794,0.53,1.1,2.2,103,20.28,14.01,13.5984346,0,1,0,0,0,1,1,0.754598,217.998,8.20E-05
1,187,1.274808059,0.610528151,N2Cr3,2,3,51.9961,1.66,2.06,1.66,57,2944,2180,6.76651,16.486305,7,12,5,0,6,6,0.6758412,397.48,7.15,2,14.0067,0.56,1.55,3.04,100,77.36,63.05,14.53413,29.60125,4,3,0,0,15,5,-0.07,472.44,0.001145,0,0,0,0,0,0,0,0,0,0,0,0,0,0,0,0,0,0,0,0,0,0,0,0,0,0,0,0,0,0,0,0,0,0,0,0,0,0
1,164,2.043985364,0.209921387,F2C3Cr4,3,4,51.9961,1.66,2.06,1.66,57,2944,2180,6.76651,16.486305,7,12,5,0,6,6,0.6758412,397.48,7.15,3,12.0107,0.67,1.7,2.55,95,4300,3800,11.260288,24.383154,4,2,0,0,14,4,1.262113612,716.87,2.2,2,18.9984032,0.42,1.47,3.98,102,85.03,53.53,17.42282,34.97081,4,5,0,0,17,7,3.401189824,79.335,0.001553,0,0,0,0,0,0,0,0,0,0,0,0,0,0,0,0,0,0,0
0,164,0,0.225002587,F2N3Nb4,3,4,92.90638,1.98,2.18,1.6,53,5017,2750,6.75885,14.32,9,18,14,0,5,5,0.917407,733,8.57,3,14.0067,0.56,1.55,3.04,100,77.36,63.05,14.53413,29.60125,4,3,0,0,15,5,-0.07,472.44,0.001145,2,18.9984032,0.42,1.47,3.98,102,85.03,53.53,17.42282,34.97081,4,5,0,0,17,7,3.401189824,79.335,0.001553,0,0,0,0,0,0,0,0,0,0,0,0,0,0,0,0,0,0,0
0,164,0,0.066121993,O2C3Ti4,3,4,47.867,1.76,2.11,1.54,51,3560,1941,6.82812,13.5755,8,12,2,0,4,4,0.075545,473,4.506,3,12.0107,0.67,1.7,2.55,95,4300,3800,11.260288,24.383154,4,2,0,0,14,4,1.262113612,716.87,2.2,2,15.9994,0.48,1.52,3.44,101,90.2,54.8,13.618055,35.12112,4,4,0,0,16,6,1.4611053,249.229,0.001308,0,0,0,0,0,0,0,0,0,0,0,0,0,0,0,0,0,0,0
0,164,0,0.234935171,O2N3Y4,3,4,88.90585,2.12,2.32,1.22,25,3609,1799,6.21726,12.2236,10,18,11,0,3,3,0.30712,424.7,4.47,3,14.0067,0.56,1.55,3.04,100,77.36,63.05,14.53413,29.60125,4,3,0,0,15,5,-0.07,472.44,0.001145,2,15.9994,0.48,1.52,3.44,101,90.2,54.8,13.618055,35.12112,4,4,0,0,16,6,1.4611053,249.229,0.001308,0,0,0,0,0,0,0,0,0,0,0,0,0,0,0,0,0,0,0
0,164,0,0.265211199,N3Hf4,2,4,178.49,2.08,2.23,1.3,50,4876,2506,6.82507,14.61,12,24,22,14,4,4,0.17807,618.4,13.3,3,14.0067,0.56,1.55,3.04,100,77.36,63.05,14.53413,29.60125,4,3,0,0,15,5,-0.07,472.44,0.001145,0,0,0,0,0,0,0,0,0,0,0,0,0,0,0,0,0,0,0,0,0,0,0,0,0,0,0,0,0,0,0,0,0,0,0,0,0,0
0,164,0,0.961113835,CTa2,2,2,180.94788,2,2.22,1.5,52,5731,3290,7.549571,16.2,12,24,23,14,5,5,0.32312,782,16.4,1,12.0107,0.67,1.7,2.55,95,4300,3800,11.260288,24.383154,4,2,0,0,14,4,1.262113612,716.87,2.2,0,0,0,0,0,0,0,0,0,0,0,0,0,0,0,0,0,0,0,0,0,0,0,0,0,0,0,0,0,0,0,0,0,0,0,0,0,0
0,164,0,1.031012153,NNb2,2,2,92.90638,1.98,2.18,1.6,53,5017,2750,6.75885,14.32,9,18,14,0,5,5,0.917407,733,8.57,1,14.0067,0.56,1.55,3.04,100,77.36,63.05,14.53413,29.60125,4,3,0,0,15,5,-0.07,472.44,0.001145,0,0,0,0,0,0,0,0,0,0,0,0,0,0,0,0,0,0,0,0,0,0,0,0,0,0,0,0,0,0,0,0,0,0,0,0,0,0
0,164,0,0.237166954,CF2Ta2,3,2,180.94788,2,2.22,1.5,52,5731,3290,7.549571,16.2,12,24,23,14,5,5,0.32312,782,16.4,1,12.0107,0.67,1.7,2.55,95,4300,3800,11.260288,24.383154,4,2,0,0,14,4,1.262113612,716.87,2.2,2,18.9984032,0.42,1.47,3.98,102,85.03,53.53,17.42282,34.97081,4,5,0,0,17,7,3.401189824,79.335,0.001553,0,0,0,0,0,0,0,0,0,0,0,0,0,0,0,0,0,0,0
0,164,0,0.11185565,CO2Ti2,3,2,47.867,1.76,2.11,1.54,51,3560,1941,6.82812,13.5755,8,12,2,0,4,4,0.075545,473,4.506,1,12.0107,0.67,1.7,2.55,95,4300,3800,11.260288,24.383154,4,2,0,0,14,4,1.262113612,716.87,2.2,2,15.9994,0.48,1.52,3.44,101,90.2,54.8,13.618055,35.12112,4,4,0,0,16,6,1.4611053,249.229,0.001308,0,0,0,0,0,0,0,0,0,0,0,0,0,0,0,0,0,0,0
0,164,0,0.447190597,NF2W2,3,2,183.84,1.93,2.18,2.36,55,5828,3695,7.86403,16.37,12,24,24,14,6,6,0.816268,851,19.3,1,14.0067,0.56,1.55,3.04,100,77.36,63.05,14.53413,29.60125,4,3,0,0,15,5,-0.07,472.44,0.001145,2,18.9984032,0.42,1.47,3.98,102,85.03,53.53,17.42282,34.97081,4,5,0,0,17,7,3.401189824,79.335,0.001553,0,0,0,0,0,0,0,0,0,0,0,0,0,0,0,0,0,0,0
1,164,0.984915815,0.518419445,NO2Y2,3,2,88.90585,2.12,2.32,1.22,25,3609,1799,6.21726,12.2236,10,18,11,0,3,3,0.30712,424.7,4.47,1,14.0067,0.56,1.55,3.04,100,77.36,63.05,14.53413,29.60125,4,3,0,0,15,5,-0.07,472.44,0.001145,2,15.9994,0.48,1.52,3.44,101,90.2,54.8,13.618055,35.12112,4,4,0,0,16,6,1.4611053,249.229,0.001308,0,0,0,0,0,0,0,0,0,0,0,0,0,0,0,0,0,0,0
0,164,0,0.189516924,CH2Nb2O2,4,2,92.90638,1.98,2.18,1.6,53,5017,2750,6.75885,14.32,9,18,14,0,5,5,0.917407,733,8.57,1,12.0107,0.67,1.7,2.55,95,4300,3800,11.260288,24.383154,4,2,0,0,14,4,1.262113612,716.87,2.2,2,15.9994,0.48,1.52,3.44,101,90.2,54.8,13.618055,35.12112,4,4,0,0,16,6,1.4611053,249.229,0.001308,2,1.00794,0.53,1.1,2.2,103,20.28,14.01,13.5984346,0,1,0,0,0,1,1,0.754598,217.998,8.20E-05
0,164,0,0.322115271,NH2O2Y2,4,2,88.90585,2.12,2.32,1.22,25,3609,1799,6.21726,12.2236,10,18,11,0,3,3,0.30712,424.7,4.47,1,14.0067,0.56,1.55,3.04,100,77.36,63.05,14.53413,29.60125,4,3,0,0,15,5,-0.07,472.44,0.001145,2,15.9994,0.48,1.52,3.44,101,90.2,54.8,13.618055,35.12112,4,4,0,0,16,6,1.4611053,249.229,0.001308,2,1.00794,0.53,1.1,2.2,103,20.28,14.01,13.5984346,0,1,0,0,0,1,1,0.754598,217.998,8.20E-05
0,187,0,0.242879982,C2H2O2Hf3,4,3,178.49,2.08,2.23,1.3,50,4876,2506,6.82507,14.61,12,24,22,14,4,4,0.17807,618.4,13.3,2,12.0107,0.67,1.7,2.55,95,4300,3800,11.260288,24.383154,4,2,0,0,14,4,1.262113612,716.87,2.2,2,15.9994,0.48,1.52,3.44,101,90.2,54.8,13.618055,35.12112,4,4,0,0,16,6,1.4611053,249.229,0.001308,2,1.00794,0.53,1.1,2.2,103,20.28,14.01,13.5984346,0,1,0,0,0,1,1,0.754598,217.998,8.20E-05
0,187,0,0,C2F2Zr3,3,3,91.224,2.06,2.23,1.33,49,4682,2128,6.634126,13.13,10,18,12,0,4,4,0.433289,610,6.52,2,12.0107,0.67,1.7,2.55,95,4300,3800,11.260288,24.383154,4,2,0,0,14,4,1.262113612,716.87,2.2,2,18.9984032,0.42,1.47,3.98,102,85.03,53.53,17.42282,34.97081,4,5,0,0,17,7,3.401189824,79.335,0.001553,0,0,0,0,0,0,0,0,0,0,0,0,0,0,0,0,0,0,0
0,187,0,0.27769285,F2N2Mo3,3,3,95.94,1.9,2.17,2.16,56,4912,2896,7.09243,16.16,9,18,15,0,6,6,0.74733,658.98,10.2,2,14.0067,0.56,1.55,3.04,100,77.36,63.05,14.53413,29.60125,4,3,0,0,15,5,-0.07,472.44,0.001145,2,18.9984032,0.42,1.47,3.98,102,85.03,53.53,17.42282,34.97081,4,5,0,0,17,7,3.401189824,79.335,0.001553,0,0,0,0,0,0,0,0,0,0,0,0,0,0,0,0,0,0,0
0,187,0,0.031571562,N2O2Ti3,3,3,47.867,1.76,2.11,1.54,51,3560,1941,6.82812,13.5755,8,12,2,0,4,4,0.075545,473,4.506,2,14.0067,0.56,1.55,3.04,100,77.36,63.05,14.53413,29.60125,4,3,0,0,15,5,-0.07,472.44,0.001145,2,15.9994,0.48,1.52,3.44,101,90.2,54.8,13.618055,35.12112,4,4,0,0,16,6,1.4611053,249.229,0.001308,0,0,0,0,0,0,0,0,0,0,0,0,0,0,0,0,0,0,0
0,164,0,0.507868626,H2O2C3Y4,4,4,88.90585,2.12,2.32,1.22,25,3609,1799,6.21726,12.2236,10,18,11,0,3,3,0.30712,424.7,4.47,3,12.0107,0.67,1.7,2.55,95,4300,3800,11.260288,24.383154,4,2,0,0,14,4,1.262113612,716.87,2.2,2,15.9994,0.48,1.52,3.44,101,90.2,54.8,13.618055,35.12112,4,4,0,0,16,6,1.4611053,249.229,0.001308,2,1.00794,0.53,1.1,2.2,103,20.28,14.01,13.5984346,0,1,0,0,0,1,1,0.754598,217.998,8.20E-05
0,187,0,0.475430254,N2Hf3,2,3,178.49,2.08,2.23,1.3,50,4876,2506,6.82507,14.61,12,24,22,14,4,4,0.17807,618.4,13.3,2,14.0067,0.56,1.55,3.04,100,77.36,63.05,14.53413,29.60125,4,3,0,0,15,5,-0.07,472.44,0.001145,0,0,0,0,0,0,0,0,0,0,0,0,0,0,0,0,0,0,0,0,0,0,0,0,0,0,0,0,0,0,0,0,0,0,0,0,0,0
0,164,0,0.005973613,F2C3Hf4,3,4,178.49,2.08,2.23,1.3,50,4876,2506,6.82507,14.61,12,24,22,14,4,4,0.17807,618.4,13.3,3,12.0107,0.67,1.7,2.55,95,4300,3800,11.260288,24.383154,4,2,0,0,14,4,1.262113612,716.87,2.2,2,18.9984032,0.42,1.47,3.98,102,85.03,53.53,17.42282,34.97081,4,5,0,0,17,7,3.401189824,79.335,0.001553,0,0,0,0,0,0,0,0,0,0,0,0,0,0,0,0,0,0,0
0,164,0,0,F2N3Sc4,3,4,44.955912,1.84,2.15,1.36,19,3103,1814,6.56149,12.79977,8,12,1,0,3,3,0.1882,377.8,2.99,3,14.0067,0.56,1.55,3.04,100,77.36,63.05,14.53413,29.60125,4,3,0,0,15,5,-0.07,472.44,0.001145,2,18.9984032,0.42,1.47,3.98,102,85.03,53.53,17.42282,34.97081,4,5,0,0,17,7,3.401189824,79.335,0.001553,0,0,0,0,0,0,0,0,0,0,0,0,0,0,0,0,0,0,0
0,164,0,0.146186409,O2C3V4,3,4,50.9415,1.71,2.07,1.63,54,3680,2183,6.746187,14.634,8,12,3,0,5,5,0.527662,515.5,6,3,12.0107,0.67,1.7,2.55,95,4300,3800,11.260288,24.383154,4,2,0,0,14,4,1.262113612,716.87,2.2,2,15.9994,0.48,1.52,3.44,101,90.2,54.8,13.618055,35.12112,4,4,0,0,16,6,1.4611053,249.229,0.001308,0,0,0,0,0,0,0,0,0,0,0,0,0,0,0,0,0,0,0
0,164,0,0.088579449,O2N3Zr4,3,4,91.224,2.06,2.23,1.33,49,4682,2128,6.634126,13.13,10,18,12,0,4,4,0.433289,610,6.52,3,14.0067,0.56,1.55,3.04,100,77.36,63.05,14.53413,29.60125,4,3,0,0,15,5,-0.07,472.44,0.001145,2,15.9994,0.48,1.52,3.44,101,90.2,54.8,13.618055,35.12112,4,4,0,0,16,6,1.4611053,249.229,0.001308,0,0,0,0,0,0,0,0,0,0,0,0,0,0,0,0,0,0,0
1,164,7.057890374,0.188908643,N3Mn4,2,4,54.938045,1.61,2.05,1.55,60,2334,1519,7.434038,15.63999,8,12,5,0,7,7,-0.52,283.3,7.3,3,14.0067,0.56,1.55,3.04,100,77.36,63.05,14.53413,29.60125,4,3,0,0,15,5,-0.07,472.44,0.001145,0,0,0,0,0,0,0,0,0,0,0,0,0,0,0,0,0,0,0,0,0,0,0,0,0,0,0,0,0,0,0,0,0,0,0,0,0,0
0,164,0,0.791538334,CV2,2,2,50.9415,1.71,2.07,1.63,54,3680,2183,6.746187,14.634,8,12,3,0,5,5,0.527662,515.5,6,1,12.0107,0.67,1.7,2.55,95,4300,3800,11.260288,24.383154,4,2,0,0,14,4,1.262113612,716.87,2.2,0,0,0,0,0,0,0,0,0,0,0,0,0,0,0,0,0,0,0,0,0,0,0,0,0,0,0,0,0,0,0,0,0,0,0,0,0,0
0,164,0,0.487277918,NSc2,2,2,44.955912,1.84,2.15,1.36,19,3103,1814,6.56149,12.79977,8,12,1,0,3,3,0.1882,377.8,2.99,1,14.0067,0.56,1.55,3.04,100,77.36,63.05,14.53413,29.60125,4,3,0,0,15,5,-0.07,472.44,0.001145,0,0,0,0,0,0,0,0,0,0,0,0,0,0,0,0,0,0,0,0,0,0,0,0,0,0,0,0,0,0,0,0,0,0,0,0,0,0
0,164,0,0,CF2Ti2,3,2,47.867,1.76,2.11,1.54,51,3560,1941,6.82812,13.5755,8,12,2,0,4,4,0.075545,473,4.506,1,12.0107,0.67,1.7,2.55,95,4300,3800,11.260288,24.383154,4,2,0,0,14,4,1.262113612,716.87,2.2,2,18.9984032,0.42,1.47,3.98,102,85.03,53.53,17.42282,34.97081,4,5,0,0,17,7,3.401189824,79.335,0.001553,0,0,0,0,0,0,0,0,0,0,0,0,0,0,0,0,0,0,0
0,164,0,0.185070279,CO2V2,3,2,50.9415,1.71,2.07,1.63,54,3680,2183,6.746187,14.634,8,12,3,0,5,5,0.527662,515.5,6,1,12.0107,0.67,1.7,2.55,95,4300,3800,11.260288,24.383154,4,2,0,0,14,4,1.262113612,716.87,2.2,2,15.9994,0.48,1.52,3.44,101,90.2,54.8,13.618055,35.12112,4,4,0,0,16,6,1.4611053,249.229,0.001308,0,0,0,0,0,0,0,0,0,0,0,0,0,0,0,0,0,0,0
0,164,0,8.65E-05,NF2Y2,3,2,88.90585,2.12,2.32,1.22,25,3609,1799,6.21726,12.2236,10,18,11,0,3,3,0.30712,424.7,4.47,1,14.0067,0.56,1.55,3.04,100,77.36,63.05,14.53413,29.60125,4,3,0,0,15,5,-0.07,472.44,0.001145,2,18.9984032,0.42,1.47,3.98,102,85.03,53.53,17.42282,34.97081,4,5,0,0,17,7,3.401189824,79.335,0.001553,0,0,0,0,0,0,0,0,0,0,0,0,0,0,0,0,0,0,0
0,164,0,0.20386724,NO2Zr2,3,2,91.224,2.06,2.23,1.33,49,4682,2128,6.634126,13.13,10,18,12,0,4,4,0.433289,610,6.52,1,14.0067,0.56,1.55,3.04,100,77.36,63.05,14.53413,29.60125,4,3,0,0,15,5,-0.07,472.44,0.001145,2,15.9994,0.48,1.52,3.44,101,90.2,54.8,13.618055,35.12112,4,4,0,0,16,6,1.4611053,249.229,0.001308,0,0,0,0,0,0,0,0,0,0,0,0,0,0,0,0,0,0,0
0,164,0,0.395849969,CH2O2Sc2,4,2,44.955912,1.84,2.15,1.36,19,3103,1814,6.56149,12.79977,8,12,1,0,3,3,0.1882,377.8,2.99,1,12.0107,0.67,1.7,2.55,95,4300,3800,11.260288,24.383154,4,2,0,0,14,4,1.262113612,716.87,2.2,2,15.9994,0.48,1.52,3.44,101,90.2,54.8,13.618055,35.12112,4,4,0,0,16,6,1.4611053,249.229,0.001308,2,1.00794,0.53,1.1,2.2,103,20.28,14.01,13.5984346,0,1,0,0,0,1,1,0.754598,217.998,8.20E-05
0,164,0,0.348531836,NH2O2Zr2,4,2,91.224,2.06,2.23,1.33,49,4682,2128,6.634126,13.13,10,18,12,0,4,4,0.433289,610,6.52,1,14.0067,0.56,1.55,3.04,100,77.36,63.05,14.53413,29.60125,4,3,0,0,15,5,-0.07,472.44,0.001145,2,15.9994,0.48,1.52,3.44,101,90.2,54.8,13.618055,35.12112,4,4,0,0,16,6,1.4611053,249.229,0.001308,2,1.00794,0.53,1.1,2.2,103,20.28,14.01,13.5984346,0,1,0,0,0,1,1,0.754598,217.998,8.20E-05
1,187,6.870926804,0.250227402,C2H2O2Mn3,4,3,54.938045,1.61,2.05,1.55,60,2334,1519,7.434038,15.63999,8,12,5,0,7,7,-0.52,283.3,7.3,2,12.0107,0.67,1.7,2.55,95,4300,3800,11.260288,24.383154,4,2,0,0,14,4,1.262113612,716.87,2.2,2,15.9994,0.48,1.52,3.44,101,90.2,54.8,13.618055,35.12112,4,4,0,0,16,6,1.4611053,249.229,0.001308,2,1.00794,0.53,1.1,2.2,103,20.28,14.01,13.5984346,0,1,0,0,0,1,1,0.754598,217.998,8.20E-05
1,187,4.079628548,0.341631812,C2O2Cr3,3,3,51.9961,1.66,2.06,1.66,57,2944,2180,6.76651,16.486305,7,12,5,0,6,6,0.6758412,397.48,7.15,2,12.0107,0.67,1.7,2.55,95,4300,3800,11.260288,24.383154,4,2,0,0,14,4,1.262113612,716.87,2.2,2,15.9994,0.48,1.52,3.44,101,90.2,54.8,13.618055,35.12112,4,4,0,0,16,6,1.4611053,249.229,0.001308,0,0,0,0,0,0,0,0,0,0,0,0,0,0,0,0,0,0,0
0,187,0,0.251909465,F2N2Nb3,3,3,92.90638,1.98,2.18,1.6,53,5017,2750,6.75885,14.32,9,18,14,0,5,5,0.917407,733,8.57,2,14.0067,0.56,1.55,3.04,100,77.36,63.05,14.53413,29.60125,4,3,0,0,15,5,-0.07,472.44,0.001145,2,18.9984032,0.42,1.47,3.98,102,85.03,53.53,17.42282,34.97081,4,5,0,0,17,7,3.401189824,79.335,0.001553,0,0,0,0,0,0,0,0,0,0,0,0,0,0,0,0,0,0,0
1,187,2.993836111,0.141477507,N2O2V3,3,3,50.9415,1.71,2.07,1.63,54,3680,2183,6.746187,14.634,8,12,3,0,5,5,0.527662,515.5,6,2,14.0067,0.56,1.55,3.04,100,77.36,63.05,14.53413,29.60125,4,3,0,0,15,5,-0.07,472.44,0.001145,2,15.9994,0.48,1.52,3.44,101,90.2,54.8,13.618055,35.12112,4,4,0,0,16,6,1.4611053,249.229,0.001308,0,0,0,0,0,0,0,0,0,0,0,0,0,0,0,0,0,0,0
0,164,0,0.190943538,H2O2C3Zr4,4,4,91.224,2.06,2.23,1.33,49,4682,2128,6.634126,13.13,10,18,12,0,4,4,0.433289,610,6.52,3,12.0107,0.67,1.7,2.55,95,4300,3800,11.260288,24.383154,4,2,0,0,14,4,1.262113612,716.87,2.2,2,15.9994,0.48,1.52,3.44,101,90.2,54.8,13.618055,35.12112,4,4,0,0,16,6,1.4611053,249.229,0.001308,2,1.00794,0.53,1.1,2.2,103,20.28,14.01,13.5984346,0,1,0,0,0,1,1,0.754598,217.998,8.20E-05
1,187,1.656329664,0.38639898,N2Mn3,2,3,54.938045,1.61,2.05,1.55,60,2334,1519,7.434038,15.63999,8,12,5,0,7,7,-0.52,283.3,7.3,2,14.0067,0.56,1.55,3.04,100,77.36,63.05,14.53413,29.60125,4,3,0,0,15,5,-0.07,472.44,0.001145,0,0,0,0,0,0,0,0,0,0,0,0,0,0,0,0,0,0,0,0,0,0,0,0,0,0,0,0,0,0,0,0,0,0,0,0,0,0
1,164,10.23721252,0.302393969,F2C3Mn4,3,4,54.938045,1.61,2.05,1.55,60,2334,1519,7.434038,15.63999,8,12,5,0,7,7,-0.52,283.3,7.3,3,12.0107,0.67,1.7,2.55,95,4300,3800,11.260288,24.383154,4,2,0,0,14,4,1.262113612,716.87,2.2,2,18.9984032,0.42,1.47,3.98,102,85.03,53.53,17.42282,34.97081,4,5,0,0,17,7,3.401189824,79.335,0.001553,0,0,0,0,0,0,0,0,0,0,0,0,0,0,0,0,0,0,0
0,164,0,0.431431077,F2N3Ta4,3,4,180.94788,2,2.22,1.5,52,5731,3290,7.549571,16.2,12,24,23,14,5,5,0.32312,782,16.4,3,14.0067,0.56,1.55,3.04,100,77.36,63.05,14.53413,29.60125,4,3,0,0,15,5,-0.07,472.44,0.001145,2,18.9984032,0.42,1.47,3.98,102,85.03,53.53,17.42282,34.97081,4,5,0,0,17,7,3.401189824,79.335,0.001553,0,0,0,0,0,0,0,0,0,0,0,0,0,0,0,0,0,0,0
0,164,0,0.424455866,O2C3W4,3,4,183.84,1.93,2.18,2.36,55,5828,3695,7.86403,16.37,12,24,24,14,6,6,0.816268,851,19.3,3,12.0107,0.67,1.7,2.55,95,4300,3800,11.260288,24.383154,4,2,0,0,14,4,1.262113612,716.87,2.2,2,15.9994,0.48,1.52,3.44,101,90.2,54.8,13.618055,35.12112,4,4,0,0,16,6,1.4611053,249.229,0.001308,0,0,0,0,0,0,0,0,0,0,0,0,0,0,0,0,0,0,0
1,164,1.661046614,0.450647255,C3Cr4,2,4,51.9961,1.66,2.06,1.66,57,2944,2180,6.76651,16.486305,7,12,5,0,6,6,0.6758412,397.48,7.15,3,12.0107,0.67,1.7,2.55,95,4300,3800,11.260288,24.383154,4,2,0,0,14,4,1.262113612,716.87,2.2,0,0,0,0,0,0,0,0,0,0,0,0,0,0,0,0,0,0,0,0,0,0,0,0,0,0,0,0,0,0,0,0,0,0,0,0,0,0
0,164,0,0.297680585,N3Mo4,2,4,95.94,1.9,2.17,2.16,56,4912,2896,7.09243,16.16,9,18,15,0,6,6,0.74733,658.98,10.2,3,14.0067,0.56,1.55,3.04,100,77.36,63.05,14.53413,29.60125,4,3,0,0,15,5,-0.07,472.44,0.001145,0,0,0,0,0,0,0,0,0,0,0,0,0,0,0,0,0,0,0,0,0,0,0,0,0,0,0,0,0,0,0,0,0,0,0,0,0,0
0,164,0,1.09263414,CW2,2,2,183.84,1.93,2.18,2.36,55,5828,3695,7.86403,16.37,12,24,24,14,6,6,0.816268,851,19.3,1,12.0107,0.67,1.7,2.55,95,4300,3800,11.260288,24.383154,4,2,0,0,14,4,1.262113612,716.87,2.2,0,0,0,0,0,0,0,0,0,0,0,0,0,0,0,0,0,0,0,0,0,0,0,0,0,0,0,0,0,0,0,0,0,0,0,0,0,0
0,164,0,0.07929613,CF2V2,3,2,50.9415,1.71,2.07,1.63,54,3680,2183,6.746187,14.634,8,12,3,0,5,5,0.527662,515.5,6,1,12.0107,0.67,1.7,2.55,95,4300,3800,11.260288,24.383154,4,2,0,0,14,4,1.262113612,716.87,2.2,2,18.9984032,0.42,1.47,3.98,102,85.03,53.53,17.42282,34.97081,4,5,0,0,17,7,3.401189824,79.335,0.001553,0,0,0,0,0,0,0,0,0,0,0,0,0,0,0,0,0,0,0
0,164,0,0.355423706,CO2W2,3,2,183.84,1.93,2.18,2.36,55,5828,3695,7.86403,16.37,12,24,24,14,6,6,0.816268,851,19.3,1,12.0107,0.67,1.7,2.55,95,4300,3800,11.260288,24.383154,4,2,0,0,14,4,1.262113612,716.87,2.2,2,15.9994,0.48,1.52,3.44,101,90.2,54.8,13.618055,35.12112,4,4,0,0,16,6,1.4611053,249.229,0.001308,0,0,0,0,0,0,0,0,0,0,0,0,0,0,0,0,0,0,0
0,164,0,0.081561892,NF2Zr2,3,2,91.224,2.06,2.23,1.33,49,4682,2128,6.634126,13.13,10,18,12,0,4,4,0.433289,610,6.52,1,14.0067,0.56,1.55,3.04,100,77.36,63.05,14.53413,29.60125,4,3,0,0,15,5,-0.07,472.44,0.001145,2,18.9984032,0.42,1.47,3.98,102,85.03,53.53,17.42282,34.97081,4,5,0,0,17,7,3.401189824,79.335,0.001553,0,0,0,0,0,0,0,0,0,0,0,0,0,0,0,0,0,0,0
0,164,0,0.290355319,CH2O2Ta2,4,2,180.94788,2,2.22,1.5,52,5731,3290,7.549571,16.2,12,24,23,14,5,5,0.32312,782,16.4,1,12.0107,0.67,1.7,2.55,95,4300,3800,11.260288,24.383154,4,2,0,0,14,4,1.262113612,716.87,2.2,2,15.9994,0.48,1.52,3.44,101,90.2,54.8,13.618055,35.12112,4,4,0,0,16,6,1.4611053,249.229,0.001308,2,1.00794,0.53,1.1,2.2,103,20.28,14.01,13.5984346,0,1,0,0,0,1,1,0.754598,217.998,8.20E-05
0,187,0,0.347120705,C2H2O2Mo3,4,3,95.94,1.9,2.17,2.16,56,4912,2896,7.09243,16.16,9,18,15,0,6,6,0.74733,658.98,10.2,2,12.0107,0.67,1.7,2.55,95,4300,3800,11.260288,24.383154,4,2,0,0,14,4,1.262113612,716.87,2.2,2,15.9994,0.48,1.52,3.44,101,90.2,54.8,13.618055,35.12112,4,4,0,0,16,6,1.4611053,249.229,0.001308,2,1.00794,0.53,1.1,2.2,103,20.28,14.01,13.5984346,0,1,0,0,0,1,1,0.754598,217.998,8.20E-05
0,187,0,0.216093609,C2O2Hf3,3,3,178.49,2.08,2.23,1.3,50,4876,2506,6.82507,14.61,12,24,22,14,4,4,0.17807,618.4,13.3,2,12.0107,0.67,1.7,2.55,95,4300,3800,11.260288,24.383154,4,2,0,0,14,4,1.262113612,716.87,2.2,2,15.9994,0.48,1.52,3.44,101,90.2,54.8,13.618055,35.12112,4,4,0,0,16,6,1.4611053,249.229,0.001308,0,0,0,0,0,0,0,0,0,0,0,0,0,0,0,0,0,0,0
0,187,0,0.028984596,F2N2Sc3,3,3,44.955912,1.84,2.15,1.36,19,3103,1814,6.56149,12.79977,8,12,1,0,3,3,0.1882,377.8,2.99,2,14.0067,0.56,1.55,3.04,100,77.36,63.05,14.53413,29.60125,4,3,0,0,15,5,-0.07,472.44,0.001145,2,18.9984032,0.42,1.47,3.98,102,85.03,53.53,17.42282,34.97081,4,5,0,0,17,7,3.401189824,79.335,0.001553,0,0,0,0,0,0,0,0,0,0,0,0,0,0,0,0,0,0,0
0,187,0,0.246157508,N2O2W3,3,3,183.84,1.93,2.18,2.36,55,5828,3695,7.86403,16.37,12,24,24,14,6,6,0.816268,851,19.3,2,14.0067,0.56,1.55,3.04,100,77.36,63.05,14.53413,29.60125,4,3,0,0,15,5,-0.07,472.44,0.001145,2,15.9994,0.48,1.52,3.44,101,90.2,54.8,13.618055,35.12112,4,4,0,0,16,6,1.4611053,249.229,0.001308,0,0,0,0,0,0,0,0,0,0,0,0,0,0,0,0,0,0,0
1,164,0.455552504,0.106556231,H2O2N3Cr4,4,4,51.9961,1.66,2.06,1.66,57,2944,2180,6.76651,16.486305,7,12,5,0,6,6,0.6758412,397.48,7.15,3,14.0067,0.56,1.55,3.04,100,77.36,63.05,14.53413,29.60125,4,3,0,0,15,5,-0.07,472.44,0.001145,2,15.9994,0.48,1.52,3.44,101,90.2,54.8,13.618055,35.12112,4,4,0,0,16,6,1.4611053,249.229,0.001308,2,1.00794,0.53,1.1,2.2,103,20.28,14.01,13.5984346,0,1,0,0,0,1,1,0.754598,217.998,8.20E-05
1,187,3.376624147,0.617789432,C2Cr3,2,3,51.9961,1.66,2.06,1.66,57,2944,2180,6.76651,16.486305,7,12,5,0,6,6,0.6758412,397.48,7.15,2,12.0107,0.67,1.7,2.55,95,4300,3800,11.260288,24.383154,4,2,0,0,14,4,1.262113612,716.87,2.2,0,0,0,0,0,0,0,0,0,0,0,0,0,0,0,0,0,0,0,0,0,0,0,0,0,0,0,0,0,0,0,0,0,0,0,0,0,0
0,187,0,0.705808659,N2Mo3,2,3,95.94,1.9,2.17,2.16,56,4912,2896,7.09243,16.16,9,18,15,0,6,6,0.74733,658.98,10.2,2,14.0067,0.56,1.55,3.04,100,77.36,63.05,14.53413,29.60125,4,3,0,0,15,5,-0.07,472.44,0.001145,0,0,0,0,0,0,0,0,0,0,0,0,0,0,0,0,0,0,0,0,0,0,0,0,0,0,0,0,0,0,0,0,0,0,0,0,0,0
0,164,0,0.199913684,F2C3Mo4,3,4,95.94,1.9,2.17,2.16,56,4912,2896,7.09243,16.16,9,18,15,0,6,6,0.74733,658.98,10.2,3,12.0107,0.67,1.7,2.55,95,4300,3800,11.260288,24.383154,4,2,0,0,14,4,1.262113612,716.87,2.2,2,18.9984032,0.42,1.47,3.98,102,85.03,53.53,17.42282,34.97081,4,5,0,0,17,7,3.401189824,79.335,0.001553,0,0,0,0,0,0,0,0,0,0,0,0,0,0,0,0,0,0,0
0,164,0,0,F2N3Ti4,3,4,47.867,1.76,2.11,1.54,51,3560,1941,6.82812,13.5755,8,12,2,0,4,4,0.075545,473,4.506,3,14.0067,0.56,1.55,3.04,100,77.36,63.05,14.53413,29.60125,4,3,0,0,15,5,-0.07,472.44,0.001145,2,18.9984032,0.42,1.47,3.98,102,85.03,53.53,17.42282,34.97081,4,5,0,0,17,7,3.401189824,79.335,0.001553,0,0,0,0,0,0,0,0,0,0,0,0,0,0,0,0,0,0,0
1,164,0.891972252,0.558200978,O2C3Y4,3,4,88.90585,2.12,2.32,1.22,25,3609,1799,6.21726,12.2236,10,18,11,0,3,3,0.30712,424.7,4.47,3,12.0107,0.67,1.7,2.55,95,4300,3800,11.260288,24.383154,4,2,0,0,14,4,1.262113612,716.87,2.2,2,15.9994,0.48,1.52,3.44,101,90.2,54.8,13.618055,35.12112,4,4,0,0,16,6,1.4611053,249.229,0.001308,0,0,0,0,0,0,0,0,0,0,0,0,0,0,0,0,0,0,0
1,164,1.436148056,0.251278942,C3Hf4,2,4,178.49,2.08,2.23,1.3,50,4876,2506,6.82507,14.61,12,24,22,14,4,4,0.17807,618.4,13.3,3,12.0107,0.67,1.7,2.55,95,4300,3800,11.260288,24.383154,4,2,0,0,14,4,1.262113612,716.87,2.2,0,0,0,0,0,0,0,0,0,0,0,0,0,0,0,0,0,0,0,0,0,0,0,0,0,0,0,0,0,0,0,0,0,0,0,0,0,0
0,164,0,0.556592773,N3Nb4,2,4,92.90638,1.98,2.18,1.6,53,5017,2750,6.75885,14.32,9,18,14,0,5,5,0.917407,733,8.57,3,14.0067,0.56,1.55,3.04,100,77.36,63.05,14.53413,29.60125,4,3,0,0,15,5,-0.07,472.44,0.001145,0,0,0,0,0,0,0,0,0,0,0,0,0,0,0,0,0,0,0,0,0,0,0,0,0,0,0,0,0,0,0,0,0,0,0,0,0,0
0,164,0,0.365738361,CY2,2,2,88.90585,2.12,2.32,1.22,25,3609,1799,6.21726,12.2236,10,18,11,0,3,3,0.30712,424.7,4.47,1,12.0107,0.67,1.7,2.55,95,4300,3800,11.260288,24.383154,4,2,0,0,14,4,1.262113612,716.87,2.2,0,0,0,0,0,0,0,0,0,0,0,0,0,0,0,0,0,0,0,0,0,0,0,0,0,0,0,0,0,0,0,0,0,0,0,0,0,0
0,164,0,1.138550709,NTa2,2,2,180.94788,2,2.22,1.5,52,5731,3290,7.549571,16.2,12,24,23,14,5,5,0.32312,782,16.4,1,14.0067,0.56,1.55,3.04,100,77.36,63.05,14.53413,29.60125,4,3,0,0,15,5,-0.07,472.44,0.001145,0,0,0,0,0,0,0,0,0,0,0,0,0,0,0,0,0,0,0,0,0,0,0,0,0,0,0,0,0,0,0,0,0,0,0,0,0,0
0,164,0,0.59221812,CF2W2,3,2,183.84,1.93,2.18,2.36,55,5828,3695,7.86403,16.37,12,24,24,14,6,6,0.816268,851,19.3,1,12.0107,0.67,1.7,2.55,95,4300,3800,11.260288,24.383154,4,2,0,0,14,4,1.262113612,716.87,2.2,2,18.9984032,0.42,1.47,3.98,102,85.03,53.53,17.42282,34.97081,4,5,0,0,17,7,3.401189824,79.335,0.001553,0,0,0,0,0,0,0,0,0,0,0,0,0,0,0,0,0,0,0
1,164,1.860430129,0.762210379,CO2Y2,3,2,88.90585,2.12,2.32,1.22,25,3609,1799,6.21726,12.2236,10,18,11,0,3,3,0.30712,424.7,4.47,1,12.0107,0.67,1.7,2.55,95,4300,3800,11.260288,24.383154,4,2,0,0,14,4,1.262113612,716.87,2.2,2,15.9994,0.48,1.52,3.44,101,90.2,54.8,13.618055,35.12112,4,4,0,0,16,6,1.4611053,249.229,0.001308,0,0,0,0,0,0,0,0,0,0,0,0,0,0,0,0,0,0,0
0,164,0,0.20283086,NHf2O2,3,2,178.49,2.08,2.23,1.3,50,4876,2506,6.82507,14.61,12,24,22,14,4,4,0.17807,618.4,13.3,1,14.0067,0.56,1.55,3.04,100,77.36,63.05,14.53413,29.60125,4,3,0,0,15,5,-0.07,472.44,0.001145,2,15.9994,0.48,1.52,3.44,101,90.2,54.8,13.618055,35.12112,4,4,0,0,16,6,1.4611053,249.229,0.001308,0,0,0,0,0,0,0,0,0,0,0,0,0,0,0,0,0,0,0
0,164,0,0.161596464,CH2O2Ti2,4,2,47.867,1.76,2.11,1.54,51,3560,1941,6.82812,13.5755,8,12,2,0,4,4,0.075545,473,4.506,1,12.0107,0.67,1.7,2.55,95,4300,3800,11.260288,24.383154,4,2,0,0,14,4,1.262113612,716.87,2.2,2,15.9994,0.48,1.52,3.44,101,90.2,54.8,13.618055,35.12112,4,4,0,0,16,6,1.4611053,249.229,0.001308,2,1.00794,0.53,1.1,2.2,103,20.28,14.01,13.5984346,0,1,0,0,0,1,1,0.754598,217.998,8.20E-05
0,187,0,0.236704168,C2H2O2Nb3,4,3,92.90638,1.98,2.18,1.6,53,5017,2750,6.75885,14.32,9,18,14,0,5,5,0.917407,733,8.57,2,12.0107,0.67,1.7,2.55,95,4300,3800,11.260288,24.383154,4,2,0,0,14,4,1.262113612,716.87,2.2,2,15.9994,0.48,1.52,3.44,101,90.2,54.8,13.618055,35.12112,4,4,0,0,16,6,1.4611053,249.229,0.001308,2,1.00794,0.53,1.1,2.2,103,20.28,14.01,13.5984346,0,1,0,0,0,1,1,0.754598,217.998,8.20E-05
0,187,0,0.372518067,H2N2O2Hf3,4,3,178.49,2.08,2.23,1.3,50,4876,2506,6.82507,14.61,12,24,22,14,4,4,0.17807,618.4,13.3,2,14.0067,0.56,1.55,3.04,100,77.36,63.05,14.53413,29.60125,4,3,0,0,15,5,-0.07,472.44,0.001145,2,15.9994,0.48,1.52,3.44,101,90.2,54.8,13.618055,35.12112,4,4,0,0,16,6,1.4611053,249.229,0.001308,2,1.00794,0.53,1.1,2.2,103,20.28,14.01,13.5984346,0,1,0,0,0,1,1,0.754598,217.998,8.20E-05
1,187,6.598199411,0.386595308,C2O2Mn3,3,3,54.938045,1.61,2.05,1.55,60,2334,1519,7.434038,15.63999,8,12,5,0,7,7,-0.52,283.3,7.3,2,12.0107,0.67,1.7,2.55,95,4300,3800,11.260288,24.383154,4,2,0,0,14,4,1.262113612,716.87,2.2,2,15.9994,0.48,1.52,3.44,101,90.2,54.8,13.618055,35.12112,4,4,0,0,16,6,1.4611053,249.229,0.001308,0,0,0,0,0,0,0,0,0,0,0,0,0,0,0,0,0,0,0
0,187,0,0.398357297,F2N2Ta3,3,3,180.94788,2,2.22,1.5,52,5731,3290,7.549571,16.2,12,24,23,14,5,5,0.32312,782,16.4,2,14.0067,0.56,1.55,3.04,100,77.36,63.05,14.53413,29.60125,4,3,0,0,15,5,-0.07,472.44,0.001145,2,18.9984032,0.42,1.47,3.98,102,85.03,53.53,17.42282,34.97081,4,5,0,0,17,7,3.401189824,79.335,0.001553,0,0,0,0,0,0,0,0,0,0,0,0,0,0,0,0,0,0,0
1,187,0.990204038,0.341837858,N2O2Y3,3,3,88.90585,2.12,2.32,1.22,25,3609,1799,6.21726,12.2236,10,18,11,0,3,3,0.30712,424.7,4.47,2,14.0067,0.56,1.55,3.04,100,77.36,63.05,14.53413,29.60125,4,3,0,0,15,5,-0.07,472.44,0.001145,2,15.9994,0.48,1.52,3.44,101,90.2,54.8,13.618055,35.12112,4,4,0,0,16,6,1.4611053,249.229,0.001308,0,0,0,0,0,0,0,0,0,0,0,0,0,0,0,0,0,0,0
0,164,0,0.272699897,H2O2N3Hf4,4,4,178.49,2.08,2.23,1.3,50,4876,2506,6.82507,14.61,12,24,22,14,4,4,0.17807,618.4,13.3,3,14.0067,0.56,1.55,3.04,100,77.36,63.05,14.53413,29.60125,4,3,0,0,15,5,-0.07,472.44,0.001145,2,15.9994,0.48,1.52,3.44,101,90.2,54.8,13.618055,35.12112,4,4,0,0,16,6,1.4611053,249.229,0.001308,2,1.00794,0.53,1.1,2.2,103,20.28,14.01,13.5984346,0,1,0,0,0,1,1,0.754598,217.998,8.20E-05
1,187,1.560565754,0.3618767,C2Hf3,2,3,178.49,2.08,2.23,1.3,50,4876,2506,6.82507,14.61,12,24,22,14,4,4,0.17807,618.4,13.3,2,12.0107,0.67,1.7,2.55,95,4300,3800,11.260288,24.383154,4,2,0,0,14,4,1.262113612,716.87,2.2,0,0,0,0,0,0,0,0,0,0,0,0,0,0,0,0,0,0,0,0,0,0,0,0,0,0,0,0,0,0,0,0,0,0,0,0,0,0
0,187,0,0.68765781,N2Nb3,2,3,92.90638,1.98,2.18,1.6,53,5017,2750,6.75885,14.32,9,18,14,0,5,5,0.917407,733,8.57,2,14.0067,0.56,1.55,3.04,100,77.36,63.05,14.53413,29.60125,4,3,0,0,15,5,-0.07,472.44,0.001145,0,0,0,0,0,0,0,0,0,0,0,0,0,0,0,0,0,0,0,0,0,0,0,0,0,0,0,0,0,0,0,0,0,0,0,0,0,0
0,164,0,0.089590594,F2C3Nb4,3,4,92.90638,1.98,2.18,1.6,53,5017,2750,6.75885,14.32,9,18,14,0,5,5,0.917407,733,8.57,3,12.0107,0.67,1.7,2.55,95,4300,3800,11.260288,24.383154,4,2,0,0,14,4,1.262113612,716.87,2.2,2,18.9984032,0.42,1.47,3.98,102,85.03,53.53,17.42282,34.97081,4,5,0,0,17,7,3.401189824,79.335,0.001553,0,0,0,0,0,0,0,0,0,0,0,0,0,0,0,0,0,0,0
1,164,0.999811835,0.162109715,F2N3V4,3,4,50.9415,1.71,2.07,1.63,54,3680,2183,6.746187,14.634,8,12,3,0,5,5,0.527662,515.5,6,3,14.0067,0.56,1.55,3.04,100,77.36,63.05,14.53413,29.60125,4,3,0,0,15,5,-0.07,472.44,0.001145,2,18.9984032,0.42,1.47,3.98,102,85.03,53.53,17.42282,34.97081,4,5,0,0,17,7,3.401189824,79.335,0.001553,0,0,0,0,0,0,0,0,0,0,0,0,0,0,0,0,0,0,0
0,164,0,0.107203973,O2C3Zr4,3,4,91.224,2.06,2.23,1.33,49,4682,2128,6.634126,13.13,10,18,12,0,4,4,0.433289,610,6.52,3,12.0107,0.67,1.7,2.55,95,4300,3800,11.260288,24.383154,4,2,0,0,14,4,1.262113612,716.87,2.2,2,15.9994,0.48,1.52,3.44,101,90.2,54.8,13.618055,35.12112,4,4,0,0,16,6,1.4611053,249.229,0.001308,0,0,0,0,0,0,0,0,0,0,0,0,0,0,0,0,0,0,0
1,164,8.651910038,0.446415211,C3Mn4,2,4,54.938045,1.61,2.05,1.55,60,2334,1519,7.434038,15.63999,8,12,5,0,7,7,-0.52,283.3,7.3,3,12.0107,0.67,1.7,2.55,95,4300,3800,11.260288,24.383154,4,2,0,0,14,4,1.262113612,716.87,2.2,0,0,0,0,0,0,0,0,0,0,0,0,0,0,0,0,0,0,0,0,0,0,0,0,0,0,0,0,0,0,0,0,0,0,0,0,0,0
1,164,1.940885432,0.180582091,N3Sc4,2,4,44.955912,1.84,2.15,1.36,19,3103,1814,6.56149,12.79977,8,12,1,0,3,3,0.1882,377.8,2.99,3,14.0067,0.56,1.55,3.04,100,77.36,63.05,14.53413,29.60125,4,3,0,0,15,5,-0.07,472.44,0.001145,0,0,0,0,0,0,0,0,0,0,0,0,0,0,0,0,0,0,0,0,0,0,0,0,0,0,0,0,0,0,0,0,0,0,0,0,0,0
1,164,1.039335029,0.741026571,NTi2,2,2,47.867,1.76,2.11,1.54,51,3560,1941,6.82812,13.5755,8,12,2,0,4,4,0.075545,473,4.506,1,14.0067,0.56,1.55,3.04,100,77.36,63.05,14.53413,29.60125,4,3,0,0,15,5,-0.07,472.44,0.001145,0,0,0,0,0,0,0,0,0,0,0,0,0,0,0,0,0,0,0,0,0,0,0,0,0,0,0,0,0,0,0,0,0,0,0,0,0,0
0,164,0,0,CF2Y2,3,2,88.90585,2.12,2.32,1.22,25,3609,1799,6.21726,12.2236,10,18,11,0,3,3,0.30712,424.7,4.47,1,12.0107,0.67,1.7,2.55,95,4300,3800,11.260288,24.383154,4,2,0,0,14,4,1.262113612,716.87,2.2,2,18.9984032,0.42,1.47,3.98,102,85.03,53.53,17.42282,34.97081,4,5,0,0,17,7,3.401189824,79.335,0.001553,0,0,0,0,0,0,0,0,0,0,0,0,0,0,0,0,0,0,0
0,164,0,0.171881209,CO2Zr2,3,2,91.224,2.06,2.23,1.33,49,4682,2128,6.634126,13.13,10,18,12,0,4,4,0.433289,610,6.52,1,12.0107,0.67,1.7,2.55,95,4300,3800,11.260288,24.383154,4,2,0,0,14,4,1.262113612,716.87,2.2,2,15.9994,0.48,1.52,3.44,101,90.2,54.8,13.618055,35.12112,4,4,0,0,16,6,1.4611053,249.229,0.001308,0,0,0,0,0,0,0,0,0,0,0,0,0,0,0,0,0,0,0
1,164,5.002324539,0.11986881,NMn2O2,3,2,54.938045,1.61,2.05,1.55,60,2334,1519,7.434038,15.63999,8,12,5,0,7,7,-0.52,283.3,7.3,1,14.0067,0.56,1.55,3.04,100,77.36,63.05,14.53413,29.60125,4,3,0,0,15,5,-0.07,472.44,0.001145,2,15.9994,0.48,1.52,3.44,101,90.2,54.8,13.618055,35.12112,4,4,0,0,16,6,1.4611053,249.229,0.001308,0,0,0,0,0,0,0,0,0,0,0,0,0,0,0,0,0,0,0
0,164,0,0.133232701,CH2O2V2,4,2,50.9415,1.71,2.07,1.63,54,3680,2183,6.746187,14.634,8,12,3,0,5,5,0.527662,515.5,6,1,12.0107,0.67,1.7,2.55,95,4300,3800,11.260288,24.383154,4,2,0,0,14,4,1.262113612,716.87,2.2,2,15.9994,0.48,1.52,3.44,101,90.2,54.8,13.618055,35.12112,4,4,0,0,16,6,1.4611053,249.229,0.001308,2,1.00794,0.53,1.1,2.2,103,20.28,14.01,13.5984346,0,1,0,0,0,1,1,0.754598,217.998,8.20E-05
0,187,0.982196985,0.452743884,C2H2O2Sc3,4,3,44.955912,1.84,2.15,1.36,19,3103,1814,6.56149,12.79977,8,12,1,0,3,3,0.1882,377.8,2.99,2,12.0107,0.67,1.7,2.55,95,4300,3800,11.260288,24.383154,4,2,0,0,14,4,1.262113612,716.87,2.2,2,15.9994,0.48,1.52,3.44,101,90.2,54.8,13.618055,35.12112,4,4,0,0,16,6,1.4611053,249.229,0.001308,2,1.00794,0.53,1.1,2.2,103,20.28,14.01,13.5984346,0,1,0,0,0,1,1,0.754598,217.998,8.20E-05
1,156,4.781289192,0.211420039,H2N2O2Mn3,4,3,54.938045,1.61,2.05,1.55,60,2334,1519,7.434038,15.63999,8,12,5,0,7,7,-0.52,283.3,7.3,2,14.0067,0.56,1.55,3.04,100,77.36,63.05,14.53413,29.60125,4,3,0,0,15,5,-0.07,472.44,0.001145,2,15.9994,0.48,1.52,3.44,101,90.2,54.8,13.618055,35.12112,4,4,0,0,16,6,1.4611053,249.229,0.001308,2,1.00794,0.53,1.1,2.2,103,20.28,14.01,13.5984346,0,1,0,0,0,1,1,0.754598,217.998,8.20E-05
1,187,6.011668563,0.229426318,C2F2Cr3,3,3,51.9961,1.66,2.06,1.66,57,2944,2180,6.76651,16.486305,7,12,5,0,6,6,0.6758412,397.48,7.15,2,12.0107,0.67,1.7,2.55,95,4300,3800,11.260288,24.383154,4,2,0,0,14,4,1.262113612,716.87,2.2,2,18.9984032,0.42,1.47,3.98,102,85.03,53.53,17.42282,34.97081,4,5,0,0,17,7,3.401189824,79.335,0.001553,0,0,0,0,0,0,0,0,0,0,0,0,0,0,0,0,0,0,0
0,187,0,0.291724408,C2O2Mo3,3,3,95.94,1.9,2.17,2.16,56,4912,2896,7.09243,16.16,9,18,15,0,6,6,0.74733,658.98,10.2,2,12.0107,0.67,1.7,2.55,95,4300,3800,11.260288,24.383154,4,2,0,0,14,4,1.262113612,716.87,2.2,2,15.9994,0.48,1.52,3.44,101,90.2,54.8,13.618055,35.12112,4,4,0,0,16,6,1.4611053,249.229,0.001308,0,0,0,0,0,0,0,0,0,0,0,0,0,0,0,0,0,0,0
0,187,0,0.088134143,F2N2Ti3,3,3,47.867,1.76,2.11,1.54,51,3560,1941,6.82812,13.5755,8,12,2,0,4,4,0.075545,473,4.506,2,14.0067,0.56,1.55,3.04,100,77.36,63.05,14.53413,29.60125,4,3,0,0,15,5,-0.07,472.44,0.001145,2,18.9984032,0.42,1.47,3.98,102,85.03,53.53,17.42282,34.97081,4,5,0,0,17,7,3.401189824,79.335,0.001553,0,0,0,0,0,0,0,0,0,0,0,0,0,0,0,0,0,0,0
0,187,0,0.094492387,N2O2Zr3,3,3,91.224,2.06,2.23,1.33,49,4682,2128,6.634126,13.13,10,18,12,0,4,4,0.433289,610,6.52,2,14.0067,0.56,1.55,3.04,100,77.36,63.05,14.53413,29.60125,4,3,0,0,15,5,-0.07,472.44,0.001145,2,15.9994,0.48,1.52,3.44,101,90.2,54.8,13.618055,35.12112,4,4,0,0,16,6,1.4611053,249.229,0.001308,0,0,0,0,0,0,0,0,0,0,0,0,0,0,0,0,0,0,0
1,164,1.033370488,0.182646496,H2O2N3Mn4,4,4,54.938045,1.61,2.05,1.55,60,2334,1519,7.434038,15.63999,8,12,5,0,7,7,-0.52,283.3,7.3,3,14.0067,0.56,1.55,3.04,100,77.36,63.05,14.53413,29.60125,4,3,0,0,15,5,-0.07,472.44,0.001145,2,15.9994,0.48,1.52,3.44,101,90.2,54.8,13.618055,35.12112,4,4,0,0,16,6,1.4611053,249.229,0.001308,2,1.00794,0.53,1.1,2.2,103,20.28,14.01,13.5984346,0,1,0,0,0,1,1,0.754598,217.998,8.20E-05
1,187,6.544752409,0.49998961,C2Mn3,2,3,54.938045,1.61,2.05,1.55,60,2334,1519,7.434038,15.63999,8,12,5,0,7,7,-0.52,283.3,7.3,2,12.0107,0.67,1.7,2.55,95,4300,3800,11.260288,24.383154,4,2,0,0,14,4,1.262113612,716.87,2.2,0,0,0,0,0,0,0,0,0,0,0,0,0,0,0,0,0,0,0,0,0,0,0,0,0,0,0,0,0,0,0,0,0,0,0,0,0,0
1,187,1.688723785,0.31264751,N2Sc3,2,3,44.955912,1.84,2.15,1.36,19,3103,1814,6.56149,12.79977,8,12,1,0,3,3,0.1882,377.8,2.99,2,14.0067,0.56,1.55,3.04,100,77.36,63.05,14.53413,29.60125,4,3,0,0,15,5,-0.07,472.44,0.001145,0,0,0,0,0,0,0,0,0,0,0,0,0,0,0,0,0,0,0,0,0,0,0,0,0,0,0,0,0,0,0,0,0,0,0,0,0,0
0,164,0,0.157049302,F2C3Sc4,3,4,44.955912,1.84,2.15,1.36,19,3103,1814,6.56149,12.79977,8,12,1,0,3,3,0.1882,377.8,2.99,3,12.0107,0.67,1.7,2.55,95,4300,3800,11.260288,24.383154,4,2,0,0,14,4,1.262113612,716.87,2.2,2,18.9984032,0.42,1.47,3.98,102,85.03,53.53,17.42282,34.97081,4,5,0,0,17,7,3.401189824,79.335,0.001553,0,0,0,0,0,0,0,0,0,0,0,0,0,0,0,0,0,0,0
0,164,0,0.358188333,F2N3W4,3,4,183.84,1.93,2.18,2.36,55,5828,3695,7.86403,16.37,12,24,24,14,6,6,0.816268,851,19.3,3,14.0067,0.56,1.55,3.04,100,77.36,63.05,14.53413,29.60125,4,3,0,0,15,5,-0.07,472.44,0.001145,2,18.9984032,0.42,1.47,3.98,102,85.03,53.53,17.42282,34.97081,4,5,0,0,17,7,3.401189824,79.335,0.001553,0,0,0,0,0,0,0,0,0,0,0,0,0,0,0,0,0,0,0
1,164,10.39024059,0.136522482,O2N3Cr4,3,4,51.9961,1.66,2.06,1.66,57,2944,2180,6.76651,16.486305,7,12,5,0,6,6,0.6758412,397.48,7.15,3,14.0067,0.56,1.55,3.04,100,77.36,63.05,14.53413,29.60125,4,3,0,0,15,5,-0.07,472.44,0.001145,2,15.9994,0.48,1.52,3.44,101,90.2,54.8,13.618055,35.12112,4,4,0,0,16,6,1.4611053,249.229,0.001308,0,0,0,0,0,0,0,0,0,0,0,0,0,0,0,0,0,0,0
0,164,0,0.521937394,C3Mo4,2,4,95.94,1.9,2.17,2.16,56,4912,2896,7.09243,16.16,9,18,15,0,6,6,0.74733,658.98,10.2,3,12.0107,0.67,1.7,2.55,95,4300,3800,11.260288,24.383154,4,2,0,0,14,4,1.262113612,716.87,2.2,0,0,0,0,0,0,0,0,0,0,0,0,0,0,0,0,0,0,0,0,0,0,0,0,0,0,0,0,0,0,0,0,0,0,0,0,0,0
0,164,0,0.699283229,N3Ta4,2,4,180.94788,2,2.22,1.5,52,5731,3290,7.549571,16.2,12,24,23,14,5,5,0.32312,782,16.4,3,14.0067,0.56,1.55,3.04,100,77.36,63.05,14.53413,29.60125,4,3,0,0,15,5,-0.07,472.44,0.001145,0,0,0,0,0,0,0,0,0,0,0,0,0,0,0,0,0,0,0,0,0,0,0,0,0,0,0,0,0,0,0,0,0,0,0,0,0,0
0,164,0,0.889440017,NV2,2,2,50.9415,1.71,2.07,1.63,54,3680,2183,6.746187,14.634,8,12,3,0,5,5,0.527662,515.5,6,1,14.0067,0.56,1.55,3.04,100,77.36,63.05,14.53413,29.60125,4,3,0,0,15,5,-0.07,472.44,0.001145,0,0,0,0,0,0,0,0,0,0,0,0,0,0,0,0,0,0,0,0,0,0,0,0,0,0,0,0,0,0,0,0,0,0,0,0,0,0
0,164,0,0,CF2Zr2,3,2,91.224,2.06,2.23,1.33,49,4682,2128,6.634126,13.13,10,18,12,0,4,4,0.433289,610,6.52,1,12.0107,0.67,1.7,2.55,95,4300,3800,11.260288,24.383154,4,2,0,0,14,4,1.262113612,716.87,2.2,2,18.9984032,0.42,1.47,3.98,102,85.03,53.53,17.42282,34.97081,4,5,0,0,17,7,3.401189824,79.335,0.001553,0,0,0,0,0,0,0,0,0,0,0,0,0,0,0,0,0,0,0
0,164,0,0.3392577,NMo2O2,3,2,95.94,1.9,2.17,2.16,56,4912,2896,7.09243,16.16,9,18,15,0,6,6,0.74733,658.98,10.2,1,14.0067,0.56,1.55,3.04,100,77.36,63.05,14.53413,29.60125,4,3,0,0,15,5,-0.07,472.44,0.001145,2,15.9994,0.48,1.52,3.44,101,90.2,54.8,13.618055,35.12112,4,4,0,0,16,6,1.4611053,249.229,0.001308,0,0,0,0,0,0,0,0,0,0,0,0,0,0,0,0,0,0,0
0,164,0,0.529758018,CH2O2W2,4,2,183.84,1.93,2.18,2.36,55,5828,3695,7.86403,16.37,12,24,24,14,6,6,0.816268,851,19.3,1,12.0107,0.67,1.7,2.55,95,4300,3800,11.260288,24.383154,4,2,0,0,14,4,1.262113612,716.87,2.2,2,15.9994,0.48,1.52,3.44,101,90.2,54.8,13.618055,35.12112,4,4,0,0,16,6,1.4611053,249.229,0.001308,2,1.00794,0.53,1.1,2.2,103,20.28,14.01,13.5984346,0,1,0,0,0,1,1,0.754598,217.998,8.20E-05
1,164,5.895977421,0.229901136,NCr2H2O2,4,2,51.9961,1.66,2.06,1.66,57,2944,2180,6.76651,16.486305,7,12,5,0,6,6,0.6758412,397.48,7.15,1,14.0067,0.56,1.55,3.04,100,77.36,63.05,14.53413,29.60125,4,3,0,0,15,5,-0.07,472.44,0.001145,2,15.9994,0.48,1.52,3.44,101,90.2,54.8,13.618055,35.12112,4,4,0,0,16,6,1.4611053,249.229,0.001308,2,1.00794,0.53,1.1,2.2,103,20.28,14.01,13.5984346,0,1,0,0,0,1,1,0.754598,217.998,8.20E-05
0,187,0,0.305349568,C2H2O2Ta3,4,3,180.94788,2,2.22,1.5,52,5731,3290,7.549571,16.2,12,24,23,14,5,5,0.32312,782,16.4,2,12.0107,0.67,1.7,2.55,95,4300,3800,11.260288,24.383154,4,2,0,0,14,4,1.262113612,716.87,2.2,2,15.9994,0.48,1.52,3.44,101,90.2,54.8,13.618055,35.12112,4,4,0,0,16,6,1.4611053,249.229,0.001308,2,1.00794,0.53,1.1,2.2,103,20.28,14.01,13.5984346,0,1,0,0,0,1,1,0.754598,217.998,8.20E-05
0,187,0,0.327053005,H2N2O2Mo3,4,3,95.94,1.9,2.17,2.16,56,4912,2896,7.09243,16.16,9,18,15,0,6,6,0.74733,658.98,10.2,2,14.0067,0.56,1.55,3.04,100,77.36,63.05,14.53413,29.60125,4,3,0,0,15,5,-0.07,472.44,0.001145,2,15.9994,0.48,1.52,3.44,101,90.2,54.8,13.618055,35.12112,4,4,0,0,16,6,1.4611053,249.229,0.001308,2,1.00794,0.53,1.1,2.2,103,20.28,14.01,13.5984346,0,1,0,0,0,1,1,0.754598,217.998,8.20E-05
0,187,0,0,C2F2Hf3,3,3,178.49,2.08,2.23,1.3,50,4876,2506,6.82507,14.61,12,24,22,14,4,4,0.17807,618.4,13.3,2,12.0107,0.67,1.7,2.55,95,4300,3800,11.260288,24.383154,4,2,0,0,14,4,1.262113612,716.87,2.2,2,18.9984032,0.42,1.47,3.98,102,85.03,53.53,17.42282,34.97081,4,5,0,0,17,7,3.401189824,79.335,0.001553,0,0,0,0,0,0,0,0,0,0,0,0,0,0,0,0,0,0,0
0,187,0,0.114148827,C2O2Nb3,3,3,92.90638,1.98,2.18,1.6,53,5017,2750,6.75885,14.32,9,18,14,0,5,5,0.917407,733,8.57,2,12.0107,0.67,1.7,2.55,95,4300,3800,11.260288,24.383154,4,2,0,0,14,4,1.262113612,716.87,2.2,2,15.9994,0.48,1.52,3.44,101,90.2,54.8,13.618055,35.12112,4,4,0,0,16,6,1.4611053,249.229,0.001308,0,0,0,0,0,0,0,0,0,0,0,0,0,0,0,0,0,0,0
0,187,0,0.254912671,F2N2V3,3,3,50.9415,1.71,2.07,1.63,54,3680,2183,6.746187,14.634,8,12,3,0,5,5,0.527662,515.5,6,2,14.0067,0.56,1.55,3.04,100,77.36,63.05,14.53413,29.60125,4,3,0,0,15,5,-0.07,472.44,0.001145,2,18.9984032,0.42,1.47,3.98,102,85.03,53.53,17.42282,34.97081,4,5,0,0,17,7,3.401189824,79.335,0.001553,0,0,0,0,0,0,0,0,0,0,0,0,0,0,0,0,0,0,0
1,164,1.991445304,0.262213001,H2O2C3Cr4,4,4,51.9961,1.66,2.06,1.66,57,2944,2180,6.76651,16.486305,7,12,5,0,6,6,0.6758412,397.48,7.15,3,12.0107,0.67,1.7,2.55,95,4300,3800,11.260288,24.383154,4,2,0,0,14,4,1.262113612,716.87,2.2,2,15.9994,0.48,1.52,3.44,101,90.2,54.8,13.618055,35.12112,4,4,0,0,16,6,1.4611053,249.229,0.001308,2,1.00794,0.53,1.1,2.2,103,20.28,14.01,13.5984346,0,1,0,0,0,1,1,0.754598,217.998,8.20E-05
0,164,0,0.29549047,H2O2N3Mo4,4,4,95.94,1.9,2.17,2.16,56,4912,2896,7.09243,16.16,9,18,15,0,6,6,0.74733,658.98,10.2,3,14.0067,0.56,1.55,3.04,100,77.36,63.05,14.53413,29.60125,4,3,0,0,15,5,-0.07,472.44,0.001145,2,15.9994,0.48,1.52,3.44,101,90.2,54.8,13.618055,35.12112,4,4,0,0,16,6,1.4611053,249.229,0.001308,2,1.00794,0.53,1.1,2.2,103,20.28,14.01,13.5984346,0,1,0,0,0,1,1,0.754598,217.998,8.20E-05
0,187,0,0.630792148,C2Mo3,2,3,95.94,1.9,2.17,2.16,56,4912,2896,7.09243,16.16,9,18,15,0,6,6,0.74733,658.98,10.2,2,12.0107,0.67,1.7,2.55,95,4300,3800,11.260288,24.383154,4,2,0,0,14,4,1.262113612,716.87,2.2,0,0,0,0,0,0,0,0,0,0,0,0,0,0,0,0,0,0,0,0,0,0,0,0,0,0,0,0,0,0,0,0,0,0,0,0,0,0
0,187,0,0.764876976,N2Ta3,2,3,180.94788,2,2.22,1.5,52,5731,3290,7.549571,16.2,12,24,23,14,5,5,0.32312,782,16.4,2,14.0067,0.56,1.55,3.04,100,77.36,63.05,14.53413,29.60125,4,3,0,0,15,5,-0.07,472.44,0.001145,0,0,0,0,0,0,0,0,0,0,0,0,0,0,0,0,0,0,0,0,0,0,0,0,0,0,0,0,0,0,0,0,0,0,0,0,0,0
0,164,0,0.138409437,F2C3Ta4,3,4,180.94788,2,2.22,1.5,52,5731,3290,7.549571,16.2,12,24,23,14,5,5,0.32312,782,16.4,3,12.0107,0.67,1.7,2.55,95,4300,3800,11.260288,24.383154,4,2,0,0,14,4,1.262113612,716.87,2.2,2,18.9984032,0.42,1.47,3.98,102,85.03,53.53,17.42282,34.97081,4,5,0,0,17,7,3.401189824,79.335,0.001553,0,0,0,0,0,0,0,0,0,0,0,0,0,0,0,0,0,0,0
0,164,0,0,F2N3Y4,3,4,88.90585,2.12,2.32,1.22,25,3609,1799,6.21726,12.2236,10,18,11,0,3,3,0.30712,424.7,4.47,3,14.0067,0.56,1.55,3.04,100,77.36,63.05,14.53413,29.60125,4,3,0,0,15,5,-0.07,472.44,0.001145,2,18.9984032,0.42,1.47,3.98,102,85.03,53.53,17.42282,34.97081,4,5,0,0,17,7,3.401189824,79.335,0.001553,0,0,0,0,0,0,0,0,0,0,0,0,0,0,0,0,0,0,0
0,164,0,0.09049357,O2N3Hf4,3,4,178.49,2.08,2.23,1.3,50,4876,2506,6.82507,14.61,12,24,22,14,4,4,0.17807,618.4,13.3,3,14.0067,0.56,1.55,3.04,100,77.36,63.05,14.53413,29.60125,4,3,0,0,15,5,-0.07,472.44,0.001145,2,15.9994,0.48,1.52,3.44,101,90.2,54.8,13.618055,35.12112,4,4,0,0,16,6,1.4611053,249.229,0.001308,0,0,0,0,0,0,0,0,0,0,0,0,0,0,0,0,0,0,0
0,164,0,0.365867031,C3Nb4,2,4,92.90638,1.98,2.18,1.6,53,5017,2750,6.75885,14.32,9,18,14,0,5,5,0.917407,733,8.57,3,12.0107,0.67,1.7,2.55,95,4300,3800,11.260288,24.383154,4,2,0,0,14,4,1.262113612,716.87,2.2,0,0,0,0,0,0,0,0,0,0,0,0,0,0,0,0,0,0,0,0,0,0,0,0,0,0,0,0,0,0,0,0,0,0,0,0,0,0
0,164,0,0.145214781,N3Ti4,2,4,47.867,1.76,2.11,1.54,51,3560,1941,6.82812,13.5755,8,12,2,0,4,4,0.075545,473,4.506,3,14.0067,0.56,1.55,3.04,100,77.36,63.05,14.53413,29.60125,4,3,0,0,15,5,-0.07,472.44,0.001145,0,0,0,0,0,0,0,0,0,0,0,0,0,0,0,0,0,0,0,0,0,0,0,0,0,0,0,0,0,0,0,0,0,0,0,0,0,0
0,164,0,0.984421337,NW2,2,2,183.84,1.93,2.18,2.36,55,5828,3695,7.86403,16.37,12,24,24,14,6,6,0.816268,851,19.3,1,14.0067,0.56,1.55,3.04,100,77.36,63.05,14.53413,29.60125,4,3,0,0,15,5,-0.07,472.44,0.001145,0,0,0,0,0,0,0,0,0,0,0,0,0,0,0,0,0,0,0,0,0,0,0,0,0,0,0,0,0,0,0,0,0,0,0,0,0,0
0,164,0,0.167551164,CHf2O2,3,2,178.49,2.08,2.23,1.3,50,4876,2506,6.82507,14.61,12,24,22,14,4,4,0.17807,618.4,13.3,1,12.0107,0.67,1.7,2.55,95,4300,3800,11.260288,24.383154,4,2,0,0,14,4,1.262113612,716.87,2.2,2,15.9994,0.48,1.52,3.44,101,90.2,54.8,13.618055,35.12112,4,4,0,0,16,6,1.4611053,249.229,0.001308,0,0,0,0,0,0,0,0,0,0,0,0,0,0,0,0,0,0,0
0,164,0,0.494482885,CH2O2Y2,4,2,88.90585,2.12,2.32,1.22,25,3609,1799,6.21726,12.2236,10,18,11,0,3,3,0.30712,424.7,4.47,1,12.0107,0.67,1.7,2.55,95,4300,3800,11.260288,24.383154,4,2,0,0,14,4,1.262113612,716.87,2.2,2,15.9994,0.48,1.52,3.44,101,90.2,54.8,13.618055,35.12112,4,4,0,0,16,6,1.4611053,249.229,0.001308,2,1.00794,0.53,1.1,2.2,103,20.28,14.01,13.5984346,0,1,0,0,0,1,1,0.754598,217.998,8.20E-05
0,164,0,0.431477725,NH2Hf2O2,4,2,178.49,2.08,2.23,1.3,50,4876,2506,6.82507,14.61,12,24,22,14,4,4,0.17807,618.4,13.3,1,14.0067,0.56,1.55,3.04,100,77.36,63.05,14.53413,29.60125,4,3,0,0,15,5,-0.07,472.44,0.001145,2,15.9994,0.48,1.52,3.44,101,90.2,54.8,13.618055,35.12112,4,4,0,0,16,6,1.4611053,249.229,0.001308,2,1.00794,0.53,1.1,2.2,103,20.28,14.01,13.5984346,0,1,0,0,0,1,1,0.754598,217.998,8.20E-05
